time,event_id,truck_id,node_id,event_type,order_id,origin,destination,reason,travel_duration,service_duration,rest_duration
0.0,0,T1,N14,TRUCK_SPAWN,,,,,,,
0.0,0,T2,N7,TRUCK_SPAWN,,,,,,,
0.0,0,T3,N2,TRUCK_SPAWN,,,,,,,
0.0,0,T4,N14,TRUCK_SPAWN,,,,,,,
0.0,0,T5,N1,TRUCK_SPAWN,,,,,,,
0.0,0,T6,N7,TRUCK_SPAWN,,,,,,,
0.0,0,T7,N8,TRUCK_SPAWN,,,,,,,
0.0,0,T8,N11,TRUCK_SPAWN,,,,,,,
0.0,0,T9,N11,TRUCK_SPAWN,,,,,,,
0.0,0,T10,N11,TRUCK_SPAWN,,,,,,,
0.0,0,T11,N8,TRUCK_SPAWN,,,,,,,
0.0,0,T12,N14,TRUCK_SPAWN,,,,,,,
0.0,0,T13,N14,TRUCK_SPAWN,,,,,,,
0.0,0,T14,N7,TRUCK_SPAWN,,,,,,,
0.0,0,T15,N1,TRUCK_SPAWN,,,,,,,
0.0,0,T16,N14,TRUCK_SPAWN,,,,,,,
0.0,0,T17,N7,TRUCK_SPAWN,,,,,,,
0.0,0,T18,N7,TRUCK_SPAWN,,,,,,,
0.0,0,T19,N7,TRUCK_SPAWN,,,,,,,
0.0,0,T20,N1,TRUCK_SPAWN,,,,,,,
8.115421390712996,0,SYSTEM,N5,ORDER_CREATED,ORD31,N5,N12,,,,
8.115421390712996,0,T1,N14,ORDER_ASSIGNED,ORD31,N5,N12,Nearest Idle Truck,,,
8.115421390712996,0,T1,N14,DEPART_NODE,,,,,,,
27.36851317607094,0,SYSTEM,N6,ORDER_CREATED,ORD32,N6,N5,,,,
27.36851317607094,0,T2,N7,ORDER_ASSIGNED,ORD32,N6,N5,Nearest Idle Truck,,,
27.36851317607094,0,T2,N7,DEPART_NODE,,,,,,,
56.312153213099016,0,SYSTEM,N11,ORDER_CREATED,ORD16,N11,N6,,,,
56.312153213099016,0,T3,N2,ORDER_ASSIGNED,ORD16,N11,N6,Nearest Idle Truck,,,
56.312153213099016,0,T3,N2,DEPART_NODE,,,,,,,
73.77110514599465,0,SYSTEM,N1,ORDER_CREATED,ORD12,N1,N9,,,,
73.77110514599465,0,T4,N14,ORDER_ASSIGNED,ORD12,N1,N9,Nearest Idle Truck,,,
73.77110514599465,0,T4,N14,DEPART_NODE,,,,,,,
118.30806593343826,0,SYSTEM,N9,ORDER_CREATED,ORD28,N9,N11,,,,
118.30806593343826,0,T5,N1,ORDER_ASSIGNED,ORD28,N9,N11,Nearest Idle Truck,,,
118.30806593343826,0,T5,N1,DEPART_NODE,,,,,,,
159.29532445378865,0,SYSTEM,N6,ORDER_CREATED,ORD41,N6,N15,,,,
159.29532445378865,0,T6,N7,ORDER_ASSIGNED,ORD41,N6,N15,Nearest Idle Truck,,,
159.29532445378865,0,T6,N7,DEPART_NODE,,,,,,,
192.86566039648653,0,SYSTEM,N4,ORDER_CREATED,ORD6,N4,N13,,,,
192.86566039648653,0,T7,N8,ORDER_ASSIGNED,ORD6,N4,N13,Nearest Idle Truck,,,
192.86566039648653,0,T7,N8,DEPART_NODE,,,,,,,
195.66892338098776,0,SYSTEM,N7,ORDER_CREATED,ORD30,N7,N2,,,,
195.66892338098776,0,T8,N11,ORDER_ASSIGNED,ORD30,N7,N2,Nearest Idle Truck,,,
195.66892338098776,0,T8,N11,DEPART_NODE,,,,,,,
205.02913324558017,0,SYSTEM,N15,ORDER_CREATED,ORD20,N15,N5,,,,
205.02913324558017,0,T9,N11,ORDER_ASSIGNED,ORD20,N15,N5,Nearest Idle Truck,,,
205.02913324558017,0,T9,N11,DEPART_NODE,,,,,,,
224.6777248070388,0,SYSTEM,N10,ORDER_CREATED,ORD38,N10,N14,,,,
224.6777248070388,0,T10,N11,ORDER_ASSIGNED,ORD38,N10,N14,Nearest Idle Truck,,,
224.6777248070388,0,T10,N11,DEPART_NODE,,,,,,,
234.58426092599805,0,SYSTEM,N13,ORDER_CREATED,ORD18,N13,N15,,,,
234.58426092599805,0,T11,N8,ORDER_ASSIGNED,ORD18,N13,N15,Nearest Idle Truck,,,
234.58426092599805,0,T11,N8,DEPART_NODE,,,,,,,
266.2170936418047,0,SYSTEM,N15,ORDER_CREATED,ORD8,N15,N6,,,,
266.2170936418047,0,T12,N14,ORDER_ASSIGNED,ORD8,N15,N6,Nearest Idle Truck,,,
266.2170936418047,0,T12,N14,DEPART_NODE,,,,,,,
267.45165526879356,0,SYSTEM,N6,ORDER_CREATED,ORD48,N6,N11,,,,
267.45165526879356,0,T13,N14,ORDER_ASSIGNED,ORD48,N6,N11,Nearest Idle Truck,,,
267.45165526879356,0,T13,N14,DEPART_NODE,,,,,,,
279.1009341564444,0,SYSTEM,N4,ORDER_CREATED,ORD4,N4,N9,,,,
279.1009341564444,0,T14,N7,ORDER_ASSIGNED,ORD4,N4,N9,Nearest Idle Truck,,,
279.1009341564444,0,T14,N7,DEPART_NODE,,,,,,,
284.52532983483707,0,SYSTEM,N10,ORDER_CREATED,ORD10,N10,N5,,,,
284.52532983483707,0,T15,N1,ORDER_ASSIGNED,ORD10,N10,N5,Nearest Idle Truck,,,
284.52532983483707,0,T15,N1,DEPART_NODE,,,,,,,
286.168285185262,0,T5,N9,ARRIVAL_NODE,,,,,167.86021925182376,,
286.168285185262,0,T5,N9,START_SERVICE,,,,,,,
286.16904957223403,0,SYSTEM,N14,ORDER_CREATED,ORD35,N14,N15,,,,
286.16904957223403,0,T16,N14,ORDER_ASSIGNED,ORD35,N14,N15,Nearest Idle Truck,,,
286.16904957223403,0,T16,N14,DEPART_NODE,,,,,,,
325.2878975237347,0,T3,N11,ARRIVAL_NODE,,,,,268.9757443106357,,
325.2878975237347,0,T3,N11,START_SERVICE,,,,,,,
366.5363665475376,0,SYSTEM,N6,ORDER_CREATED,ORD37,N6,N1,,,,
366.5363665475376,0,T17,N7,ORDER_ASSIGNED,ORD37,N6,N1,Nearest Idle Truck,,,
366.5363665475376,0,T17,N7,DEPART_NODE,,,,,,,
389.475374297202,0,SYSTEM,N12,ORDER_CREATED,ORD24,N12,N13,,,,
389.475374297202,0,T18,N7,ORDER_ASSIGNED,ORD24,N12,N13,Nearest Idle Truck,,,
389.475374297202,0,T18,N7,DEPART_NODE,,,,,,,
410.50799904245275,0,SYSTEM,N15,ORDER_CREATED,ORD29,N15,N5,,,,
410.50799904245275,0,T19,N7,ORDER_ASSIGNED,ORD29,N15,N5,Nearest Idle Truck,,,
410.50799904245275,0,T19,N7,DEPART_NODE,,,,,,,
446.4522089116059,0,T9,N2,ARRIVAL_NODE,,,,,241.42307566602577,,
446.4522089116059,0,T9,N2,START_SERVICE,,,,,,,
446.52473427548455,0,T3,N11,END_SERVICE,,,,,,121.23683675174979,
446.52473427548455,0,T3,N11,DEPART_NODE,,,,,,,
446.52473427548455,0,T3,N11,START_REST,,,,,,,
447.936279886093,0,T5,N9,END_SERVICE,,,,,,161.76799470083103,
447.936279886093,0,T5,N9,DEPART_NODE,,,,,,,
447.936279886093,0,T5,N9,START_REST,,,,,,,
449.1324928687007,0,SYSTEM,N3,ORDER_CREATED,ORD1,N3,N15,,,,
449.1324928687007,0,T20,N1,ORDER_ASSIGNED,ORD1,N3,N15,Nearest Idle Truck,,,
449.1324928687007,0,T20,N1,DEPART_NODE,,,,,,,
457.8551542505309,0,SYSTEM,N7,ORDER_CREATED,ORD5,N7,N15,,,,
474.4616486378484,0,T10,N2,ARRIVAL_NODE,,,,,249.78392383080956,,
474.4616486378484,0,T10,N2,START_SERVICE,,,,,,,
503.48449616047264,0,T1,N2,ARRIVAL_NODE,,,,,495.36907476975966,,
506.52473427548455,0,T3,N11,END_REST,,,,,,,60.0
506.52473427548455,0,T3,N11,DEPART_NODE,,,,,,,
507.936279886093,0,T5,N9,END_REST,,,,,,,60.0
507.936279886093,0,T5,N9,DEPART_NODE,,,,,,,
514.0313680874843,0,SYSTEM,N14,ORDER_CREATED,ORD21,N14,N9,,,,
514.8264846277091,0,SYSTEM,N10,ORDER_CREATED,ORD43,N10,N12,,,,
519.8123595161579,0,T9,N2,END_SERVICE,,,,,,73.36015060455202,
519.8123595161579,0,T9,N2,DEPART_NODE,,,,,,,
519.8123595161579,0,T1,N2,START_SERVICE,,,,,,,
519.8123595161579,0,T9,N2,START_REST,,,,,,,
535.1070304743452,0,SYSTEM,N8,ORDER_CREATED,ORD33,N8,N10,,,,
536.8603685526916,0,SYSTEM,N2,ORDER_CREATED,ORD26,N2,N1,,,,
541.6786227446271,0,T10,N2,END_SERVICE,,,,,,67.21697410677865,
541.6786227446271,0,T10,N2,DEPART_NODE,,,,,,,
541.6786227446271,0,T10,N2,START_REST,,,,,,,
579.8123595161579,0,T9,N2,END_REST,,,,,,,60.0
579.8123595161579,0,T9,N2,DEPART_NODE,,,,,,,
600.2659660991756,0,T15,N10,ARRIVAL_NODE,,,,,315.74063626433843,,
600.2659660991756,0,T15,N10,START_SERVICE,,,,,,,
601.6786227446271,0,T10,N2,END_REST,,,,,,,60.0
601.6786227446271,0,T10,N2,DEPART_NODE,,,,,,,
602.3568606400684,0,T8,N2,ARRIVAL_NODE,,,,,406.6879372590806,,
602.3568606400684,0,T8,N2,START_SERVICE,,,,,,,
635.5632806026658,0,SYSTEM,N12,ORDER_CREATED,ORD14,N12,N14,,,,
670.4517046791692,0,T2,N6,ARRIVAL_NODE,,,,,643.0831915030983,,
670.4517046791692,0,T2,N6,START_SERVICE,,,,,,,
670.8893989663121,0,T1,N2,END_SERVICE,,,,,,151.0770394501542,
670.8893989663121,0,T1,N2,DEPART_NODE,,,,,,,
670.8893989663121,0,T1,N2,START_REST,,,,,,,
682.859517934066,0,SYSTEM,N11,ORDER_CREATED,ORD40,N11,N3,,,,
702.5339579176915,0,SYSTEM,N3,ORDER_CREATED,ORD45,N3,N8,,,,
704.2407642313315,0,T12,N2,ARRIVAL_NODE,,,,,438.02367058952683,,
704.2407642313315,0,T12,N2,START_SERVICE,,,,,,,
729.438658566482,0,T8,N2,END_SERVICE,,,,,,127.08179792641357,
729.438658566482,0,T8,N2,DEPART_NODE,,,,,,,
729.438658566482,0,T8,N2,START_REST,,,,,,,
730.8893989663121,0,T1,N2,END_REST,,,,,,,60.0
730.8893989663121,0,T1,N2,DEPART_NODE,,,,,,,
753.8317060434324,0,SYSTEM,N12,ORDER_CREATED,ORD44,N12,N6,,,,
760.6439961298323,0,SYSTEM,N9,ORDER_CREATED,ORD9,N9,N8,,,,
761.5040265880889,0,SYSTEM,N13,ORDER_CREATED,ORD46,N13,N15,,,,
764.4844965715758,0,T14,N4,ARRIVAL_NODE,,,,,485.3835624151315,,
764.4844965715758,0,T14,N4,START_SERVICE,,,,,,,
774.5793570502321,0,T2,N6,END_SERVICE,,,,,,104.12765237106295,
774.5793570502321,0,T2,N6,DEPART_NODE,,,,,,,
774.5793570502321,0,T2,N6,START_REST,,,,,,,
778.6958192138634,0,T12,N2,END_SERVICE,,,,,,74.45505498253192,
778.6958192138634,0,T12,N2,DEPART_NODE,,,,,,,
778.6958192138634,0,T12,N2,START_REST,,,,,,,
789.438658566482,0,T8,N2,END_REST,,,,,,,60.0
789.438658566482,0,T8,N2,DEPART_NODE,,,,,,,
792.943362807247,0,T13,N2,ARRIVAL_NODE,,,,,525.4917075384535,,
792.943362807247,0,T13,N2,START_SERVICE,,,,,,,
803.1812484472981,0,SYSTEM,N11,ORDER_CREATED,ORD2,N11,N15,,,,
821.7198212953544,0,T19,N15,ARRIVAL_NODE,,,,,411.2118222529017,,
821.7198212953544,0,T19,N15,START_SERVICE,,,,,,,
824.4844965715758,0,T14,N4,END_SERVICE,,,,,,60.0,
824.4844965715758,0,T14,N4,DEPART_NODE,,,,,,,
824.4844965715758,0,T14,N4,START_REST,,,,,,,
834.5793570502321,0,T2,N6,END_REST,,,,,,,60.0
834.5793570502321,0,T2,N6,DEPART_NODE,,,,,,,
837.3286179305877,0,SYSTEM,N7,ORDER_CREATED,ORD34,N7,N6,,,,
838.6958192138634,0,T12,N2,END_REST,,,,,,,60.0
838.6958192138634,0,T12,N2,DEPART_NODE,,,,,,,
874.518648086603,0,T3,N2,ARRIVAL_NODE,,,,,367.9939138111184,,
874.518648086603,0,T3,N2,START_SERVICE,,,,,,,
884.4844965715758,0,T14,N4,END_REST,,,,,,,60.0
884.4844965715758,0,T14,N4,DEPART_NODE,,,,,,,
885.2697229366377,0,T15,N10,END_SERVICE,,,,,,285.00375683746216,
885.2697229366377,0,T15,N10,DEPART_NODE,,,,,,,
886.05783607115,0,SYSTEM,N7,ORDER_CREATED,ORD50,N7,N9,,,,
896.171809782267,0,T4,N2,ARRIVAL_NODE,,,,,822.4007046362724,,
921.474742472074,0,T13,N2,END_SERVICE,,,,,,128.53137966482697,
921.474742472074,0,T13,N2,DEPART_NODE,,,,,,,
921.474742472074,0,T4,N2,START_SERVICE,,,,,,,
921.474742472074,0,T13,N2,START_REST,,,,,,,
934.6238005462212,0,T5,N2,ARRIVAL_NODE,,,,,426.68752066012826,,
949.626912753102,0,T18,N6,ARRIVAL_NODE,,,,,560.1515384559,,
949.626912753102,0,T18,N6,START_SERVICE,,,,,,,
958.2790963511281,0,SYSTEM,N11,ORDER_CREATED,ORD23,N11,N15,,,,
972.7421056932385,0,T19,N15,END_SERVICE,,,,,,151.022284397884,
972.7421056932385,0,T19,N15,DEPART_NODE,,,,,,,
972.7421056932385,0,T19,N15,START_REST,,,,,,,
981.474742472074,0,T4,N2,END_SERVICE,,,,,,60.0,
981.474742472074,0,T13,N2,END_REST,,,,,,,60.0
981.474742472074,0,T4,N2,DEPART_NODE,,,,,,,
981.474742472074,0,T5,N2,START_SERVICE,,,,,,,
981.474742472074,0,T13,N2,DEPART_NODE,,,,,,,
981.474742472074,0,T4,N2,START_REST,,,,,,,
988.159336632802,0,SYSTEM,N15,ORDER_CREATED,ORD13,N15,N10,,,,
992.7149171987413,0,T15,N9,ARRIVAL_NODE,,,,,107.4451942621037,,
992.7149171987413,0,T15,N9,START_SERVICE,,,,,,,
1001.4409183096244,0,SYSTEM,N2,ORDER_CREATED,ORD42,N2,N6,,,,
1004.0237490694743,0,SYSTEM,N15,ORDER_CREATED,ORD7,N15,N11,,,,
1026.4426419637207,0,SYSTEM,N3,ORDER_CREATED,ORD15,N3,N8,,,,
1032.7421056932385,0,T19,N15,END_REST,,,,,,,60.0
1032.7421056932385,0,T19,N15,DEPART_NODE,,,,,,,
1036.4186659368318,0,T6,N6,ARRIVAL_NODE,,,,,877.1233414830431,,
1036.4186659368318,0,T6,N6,START_SERVICE,,,,,,,
1041.474742472074,0,T4,N2,END_REST,,,,,,,60.0
1041.474742472074,0,T4,N2,DEPART_NODE,,,,,,,
1041.5622703260947,0,T14,N6,ARRIVAL_NODE,,,,,157.07777375451883,,
1060.9028906727222,0,T7,N2,ARRIVAL_NODE,,,,,868.0372302762355,,
1073.686117486035,0,T3,N2,END_SERVICE,,,,,,199.16746939943206,
1073.686117486035,0,T3,N2,DEPART_NODE,,,,,,,
1073.686117486035,0,T7,N2,START_SERVICE,,,,,,,
1073.686117486035,0,T3,N2,START_REST,,,,,,,
1077.576395441757,0,T16,N2,ARRIVAL_NODE,,,,,791.407345869523,,
1078.7776109205329,0,SYSTEM,N2,ORDER_CREATED,ORD17,N2,N15,,,,
1088.8821932841097,0,SYSTEM,N11,ORDER_CREATED,ORD3,N11,N1,,,,
1095.181320029346,0,SYSTEM,N10,ORDER_CREATED,ORD22,N10,N3,,,,
1111.185650160158,0,T2,N5,ARRIVAL_NODE,,,,,276.60629310992584,,
1111.185650160158,0,T2,N5,START_SERVICE,,,,,,,
1114.491439944337,0,SYSTEM,N9,ORDER_CREATED,ORD11,N9,N4,,,,
1131.7570538368495,0,T10,N9,ARRIVAL_NODE,,,,,530.0784310922223,,
1133.686117486035,0,T3,N2,END_REST,,,,,,,60.0
1133.686117486035,0,T3,N2,DEPART_NODE,,,,,,,
1133.885071117381,0,T15,N9,END_SERVICE,,,,,,141.17015391863964,
1133.885071117381,0,T15,N9,DEPART_NODE,,,,,,,
1133.885071117381,0,T10,N9,START_SERVICE,,,,,,,
1133.885071117381,0,T15,N9,START_REST,,,,,,,
1137.3392054617505,0,T18,N6,END_SERVICE,,,,,,187.71229270864848,
1137.3392054617505,0,T18,N6,DEPART_NODE,,,,,,,
1137.3392054617505,0,T14,N6,START_SERVICE,,,,,,,
1137.3392054617505,0,T18,N6,START_REST,,,,,,,
1137.6769113472512,0,SYSTEM,N6,ORDER_CREATED,ORD39,N6,N13,,,,
1151.7368569336134,0,T17,N6,ARRIVAL_NODE,,,,,785.2004903860758,,
1162.4052007898927,0,T5,N2,END_SERVICE,,,,,,180.9304583178186,
1162.4052007898927,0,T5,N2,DEPART_NODE,,,,,,,
1162.4052007898927,0,T16,N2,START_SERVICE,,,,,,,
1162.4052007898927,0,T5,N2,START_REST,,,,,,,
1162.577581099854,0,SYSTEM,N9,ORDER_CREATED,ORD49,N9,N5,,,,
1167.731248053978,0,SYSTEM,N7,ORDER_CREATED,ORD47,N7,N11,,,,
1183.1558130476692,0,SYSTEM,N2,ORDER_CREATED,ORD36,N2,N10,,,,
1184.0495590035569,0,SYSTEM,N1,ORDER_CREATED,ORD27,N1,N3,,,,
1186.1817263002335,0,T7,N2,END_SERVICE,,,,,,112.49560881419853,
1186.1817263002335,0,T7,N2,DEPART_NODE,,,,,,,
1186.1817263002335,0,T7,N2,START_REST,,,,,,,
1192.9555591744918,0,SYSTEM,N6,ORDER_CREATED,ORD25,N6,N15,,,,
1193.885071117381,0,T15,N9,END_REST,,,,,,,60.0
1193.885071117381,0,T15,N9,DEPART_NODE,,,,,,,
1195.332108379122,0,SYSTEM,N8,ORDER_CREATED,ORD19,N8,N11,,,,
1197.3392054617505,0,T18,N6,END_REST,,,,,,,60.0
1197.3392054617505,0,T18,N6,DEPART_NODE,,,,,,,
1213.4058100200803,0,T11,N2,ARRIVAL_NODE,,,,,978.8215490940822,,
1213.4058100200803,0,T11,N2,START_SERVICE,,,,,,,
1217.538051440033,0,T9,N6,ARRIVAL_NODE,,,,,637.725691923875,,
1222.4052007898927,0,T5,N2,END_REST,,,,,,,60.0
1222.4052007898927,0,T5,N2,DEPART_NODE,,,,,,,
1231.8499645005154,0,T16,N2,END_SERVICE,,,,,,69.44476371062281,
1231.8499645005154,0,T16,N2,DEPART_NODE,,,,,,,
1231.8499645005154,0,T16,N2,START_REST,,,,,,,
1239.7311080582133,0,T10,N9,END_SERVICE,,,,,,105.84603694083248,
1239.7311080582133,0,T10,N9,DEPART_NODE,,,,,,,
1239.7311080582133,0,T10,N9,START_REST,,,,,,,
1246.1817263002335,0,T7,N2,END_REST,,,,,,,60.0
1246.1817263002335,0,T7,N2,DEPART_NODE,,,,,,,
1273.404950429463,0,T20,N3,ARRIVAL_NODE,,,,,824.2724575607623,,
1273.404950429463,0,T20,N3,START_SERVICE,,,,,,,
1285.270837123505,0,T11,N2,END_SERVICE,,,,,,71.86502710342474,
1285.270837123505,0,T11,N2,DEPART_NODE,,,,,,,
1285.270837123505,0,T11,N2,START_REST,,,,,,,
1291.8499645005154,0,T16,N2,END_REST,,,,,,,60.0
1291.8499645005154,0,T16,N2,DEPART_NODE,,,,,,,
1299.7311080582133,0,T10,N9,END_REST,,,,,,,60.0
1299.7311080582133,0,T10,N9,DEPART_NODE,,,,,,,
1336.4186659368318,0,T6,N6,END_SERVICE,,,,,,300.0,
1336.4186659368318,0,T6,N6,DEPART_NODE,,,,,,,
1336.4186659368318,0,T17,N6,START_SERVICE,,,,,,,
1336.4186659368318,0,T6,N6,START_REST,,,,,,,
1338.9342355481704,0,T2,N5,END_SERVICE,,,,,,227.7485853880122,
1338.9342355481704,0,T2,N5,ORDER_ASSIGNED,ORD5,N7,N15,Nearest Idle Truck,,,
1338.9342355481704,0,T2,N5,DEPART_NODE,,,,,,,
1338.9342355481704,0,T2,N5,START_REST,,,,,,,
1345.270837123505,0,T11,N2,END_REST,,,,,,,60.0
1345.270837123505,0,T11,N2,DEPART_NODE,,,,,,,
1349.5158983057624,0,T4,N1,ARRIVAL_NODE,,,,,308.0411558336884,,
1349.5158983057624,0,T4,N1,START_SERVICE,,,,,,,
1349.6513999131007,0,T8,N6,ARRIVAL_NODE,,,,,560.2127413466186,,
1396.4186659368318,0,T6,N6,END_REST,,,,,,,60.0
1396.4186659368318,0,T6,N6,DEPART_NODE,,,,,,,
1398.9342355481704,0,T2,N5,END_REST,,,,,,,60.0
1398.9342355481704,0,T2,N5,DEPART_NODE,,,,,,,
1402.0334774354692,0,T13,N6,ARRIVAL_NODE,,,,,420.55873496339507,,
1409.8117384872282,0,T4,N1,END_SERVICE,,,,,,60.295840181465714,
1409.8117384872282,0,T4,N1,DEPART_NODE,,,,,,,
1409.8117384872282,0,T4,N1,START_REST,,,,,,,
1437.0933192199739,0,T20,N3,END_SERVICE,,,,,,163.68836879051074,
1437.0933192199739,0,T20,N3,DEPART_NODE,,,,,,,
1437.0933192199739,0,T20,N3,START_REST,,,,,,,
1437.3392054617505,0,T14,N6,END_SERVICE,,,,,,300.0,
1437.3392054617505,0,T14,N6,DEPART_NODE,,,,,,,
1437.3392054617505,0,T9,N6,START_SERVICE,,,,,,,
1437.3392054617505,0,T14,N6,START_REST,,,,,,,
1469.8117384872282,0,T4,N1,END_REST,,,,,,,60.0
1469.8117384872282,0,T4,N1,DEPART_NODE,,,,,,,
1483.8519350009449,0,T10,N10,ARRIVAL_NODE,,,,,184.1208269427316,,
1483.8519350009449,0,T10,N10,START_SERVICE,,,,,,,
1497.0933192199739,0,T20,N3,END_REST,,,,,,,60.0
1497.0933192199739,0,T20,N3,DEPART_NODE,,,,,,,
1497.3392054617505,0,T14,N6,END_REST,,,,,,,60.0
1497.3392054617505,0,T14,N6,DEPART_NODE,,,,,,,
1500.8159031882403,0,T17,N6,END_SERVICE,,,,,,164.39723725140857,
1500.8159031882403,0,T17,N6,DEPART_NODE,,,,,,,
1500.8159031882403,0,T8,N6,START_SERVICE,,,,,,,
1500.8159031882403,0,T17,N6,START_REST,,,,,,,
1503.259388863883,0,T5,N11,ARRIVAL_NODE,,,,,280.85418807399026,,
1503.259388863883,0,T5,N11,START_SERVICE,,,,,,,
1560.8159031882403,0,T17,N6,END_REST,,,,,,,60.0
1560.8159031882403,0,T17,N6,DEPART_NODE,,,,,,,
1561.5418024458254,0,T12,N6,ARRIVAL_NODE,,,,,722.845983231962,,
1578.8521557328586,0,T1,N6,ARRIVAL_NODE,,,,,847.9627567665466,,
1583.0279632378774,0,T8,N6,END_SERVICE,,,,,,82.21206004963716,
1583.0279632378774,0,T8,N6,DEPART_NODE,,,,,,,
1583.0279632378774,0,T13,N6,START_SERVICE,,,,,,,
1583.0279632378774,0,T8,N6,START_REST,,,,,,,
1587.8738724083498,0,T9,N6,END_SERVICE,,,,,,150.53466694659946,
1587.8738724083498,0,T9,N6,DEPART_NODE,,,,,,,
1587.8738724083498,0,T12,N6,START_SERVICE,,,,,,,
1587.8738724083498,0,T9,N6,START_REST,,,,,,,
1591.8103785268597,0,T10,N10,END_SERVICE,,,,,,107.9584435259148,
1591.8103785268597,0,T10,N10,DEPART_NODE,,,,,,,
1613.6135945896267,0,T18,N2,ARRIVAL_NODE,,,,,416.27438912787636,,
1613.6135945896267,0,T18,N2,START_SERVICE,,,,,,,
1643.0279632378774,0,T8,N6,END_REST,,,,,,,60.0
1643.0279632378774,0,T8,N6,DEPART_NODE,,,,,,,
1647.8738724083498,0,T9,N6,END_REST,,,,,,,60.0
1647.8738724083498,0,T9,N6,DEPART_NODE,,,,,,,
1653.9239041586181,0,T5,N11,END_SERVICE,,,,,,150.6645152947351,
1653.9239041586181,0,T5,N11,ORDER_ASSIGNED,ORD21,N14,N9,Nearest Idle Truck,,,
1653.9239041586181,0,T5,N11,DEPART_NODE,,,,,,,
1653.9239041586181,0,T5,N11,START_REST,,,,,,,
1662.2386698673397,0,T20,N9,ARRIVAL_NODE,,,,,165.14535064736583,,
1662.2386698673397,0,T20,N9,START_SERVICE,,,,,,,
1698.5613254202992,0,T4,N9,ARRIVAL_NODE,,,,,228.74958693307096,,
1698.5728710483545,0,T13,N6,END_SERVICE,,,,,,115.54490781047696,
1698.5728710483545,0,T13,N6,DEPART_NODE,,,,,,,
1698.5728710483545,0,T1,N6,START_SERVICE,,,,,,,
1698.5728710483545,0,T13,N6,START_REST,,,,,,,
1713.9239041586181,0,T5,N11,END_REST,,,,,,,60.0
1713.9239041586181,0,T5,N11,DEPART_NODE,,,,,,,
1717.0572865763163,0,T18,N2,END_SERVICE,,,,,,103.44369198668954,
1717.0572865763163,0,T18,N2,DEPART_NODE,,,,,,,
1717.0572865763163,0,T18,N2,START_REST,,,,,,,
1718.4595974370015,0,T12,N6,END_SERVICE,,,,,,130.58572502865172,
1718.4595974370015,0,T12,N6,DEPART_NODE,,,,,,,
1718.4595974370015,0,T12,N6,START_REST,,,,,,,
1758.5728710483545,0,T13,N6,END_REST,,,,,,,60.0
1758.5728710483545,0,T13,N6,DEPART_NODE,,,,,,,
1776.0343217175591,0,T10,N9,ARRIVAL_NODE,,,,,184.22394319069943,,
1776.9815762736002,0,T11,N9,ARRIVAL_NODE,,,,,431.71073915009504,,
1777.0572865763163,0,T18,N2,END_REST,,,,,,,60.0
1777.0572865763163,0,T18,N2,DEPART_NODE,,,,,,,
1778.4595974370015,0,T12,N6,END_REST,,,,,,,60.0
1778.4595974370015,0,T12,N6,DEPART_NODE,,,,,,,
1790.6355949560111,0,T3,N6,ARRIVAL_NODE,,,,,656.9494774699762,,
1790.6355949560111,0,T3,N6,START_SERVICE,,,,,,,
1795.4084156300596,0,T16,N6,ARRIVAL_NODE,,,,,503.5584511295441,,
1802.1696790624655,0,T7,N6,ARRIVAL_NODE,,,,,555.987952762232,,
1832.7669669652687,0,T1,N6,END_SERVICE,,,,,,134.19409591691416,
1832.7669669652687,0,T1,N6,DEPART_NODE,,,,,,,
1832.7669669652687,0,T16,N6,START_SERVICE,,,,,,,
1832.7669669652687,0,T1,N6,START_REST,,,,,,,
1835.5805707617178,0,T20,N9,END_SERVICE,,,,,,173.34190089437803,
1835.5805707617178,0,T20,N9,DEPART_NODE,,,,,,,
1835.5805707617178,0,T4,N9,START_SERVICE,,,,,,,
1839.2174320101926,0,T2,N4,ARRIVAL_NODE,,,,,440.2831964620222,,
1839.2174320101926,0,T2,N4,START_SERVICE,,,,,,,
1892.7669669652687,0,T1,N6,END_REST,,,,,,,60.0
1892.7669669652687,0,T1,N6,DEPART_NODE,,,,,,,
1899.2174320101926,0,T2,N4,END_SERVICE,,,,,,60.0,
1899.2174320101926,0,T2,N4,DEPART_NODE,,,,,,,
1899.2174320101926,0,T2,N4,START_REST,,,,,,,
1922.7205305335713,0,T4,N9,END_SERVICE,,,,,,87.1399597718534,
1922.7205305335713,0,T4,N9,ORDER_ASSIGNED,ORD43,N10,N12,Nearest Idle Truck,,,
1922.7205305335713,0,T4,N9,DEPART_NODE,,,,,,,
1922.7205305335713,0,T10,N9,START_SERVICE,,,,,,,
1943.5047096895116,0,T16,N6,END_SERVICE,,,,,,110.73774272424284,
1943.5047096895116,0,T16,N6,DEPART_NODE,,,,,,,
1943.5047096895116,0,T7,N6,START_SERVICE,,,,,,,
1943.5047096895116,0,T16,N6,START_REST,,,,,,,
1959.2174320101926,0,T2,N4,END_REST,,,,,,,60.0
1959.2174320101926,0,T2,N4,DEPART_NODE,,,,,,,
2002.60727726095,0,T6,N15,ARRIVAL_NODE,,,,,606.1886113241184,,
2002.60727726095,0,T6,N15,START_SERVICE,,,,,,,
2003.5047096895116,0,T16,N6,END_REST,,,,,,,60.0
2003.5047096895116,0,T16,N6,DEPART_NODE,,,,,,,
2023.8549641467023,0,T10,N9,END_SERVICE,,,,,,101.13443361313098,
2023.8549641467023,0,T10,N9,DEPART_NODE,,,,,,,
2023.8549641467023,0,T11,N9,START_SERVICE,,,,,,,
2023.8549641467023,0,T10,N9,START_REST,,,,,,,
2024.76809002578,0,T14,N2,ARRIVAL_NODE,,,,,527.4288845640295,,
2024.76809002578,0,T14,N2,START_SERVICE,,,,,,,
2054.1974309323496,0,T3,N6,END_SERVICE,,,,,,263.5618359763384,
2054.1974309323496,0,T3,N6,ORDER_ASSIGNED,ORD33,N8,N10,Nearest Idle Truck,,,
2054.1974309323496,0,T3,N6,DEPART_NODE,,,,,,,
2054.1974309323496,0,T3,N6,START_REST,,,,,,,
2073.282504021207,0,T18,N11,ARRIVAL_NODE,,,,,296.2252174448905,,
2073.282504021207,0,T18,N11,START_SERVICE,,,,,,,
2083.8549641467025,0,T10,N9,END_REST,,,,,,,60.0
2083.8549641467025,0,T10,N9,DEPART_NODE,,,,,,,
2100.3636280436212,0,T11,N9,END_SERVICE,,,,,,76.50866389691883,
2100.3636280436212,0,T11,N9,DEPART_NODE,,,,,,,
2100.3636280436212,0,T11,N9,START_REST,,,,,,,
2107.761989452421,0,T4,N10,ARRIVAL_NODE,,,,,185.04145891884963,,
2107.761989452421,0,T4,N10,START_SERVICE,,,,,,,
2114.1974309323496,0,T3,N6,END_REST,,,,,,,60.0
2114.1974309323496,0,T3,N6,DEPART_NODE,,,,,,,
2132.1681662868327,0,T20,N2,ARRIVAL_NODE,,,,,296.587595525115,,
2132.1681662868327,0,T20,N2,START_SERVICE,,,,,,,
2136.736733903689,0,T15,N2,ARRIVAL_NODE,,,,,942.851662786308,,
2145.7219389774627,0,T9,N15,ARRIVAL_NODE,,,,,497.84806656911314,,
2145.7219389774627,0,T9,N15,START_SERVICE,,,,,,,
2158.9890816762772,0,T17,N2,ARRIVAL_NODE,,,,,598.1731784880368,,
2160.3636280436212,0,T11,N9,END_REST,,,,,,,60.0
2160.3636280436212,0,T11,N9,DEPART_NODE,,,,,,,
2166.1685404286495,0,T7,N6,END_SERVICE,,,,,,222.663830739138,
2166.1685404286495,0,T7,N6,DEPART_NODE,,,,,,,
2166.1685404286495,0,T7,N6,START_REST,,,,,,,
2166.846060898116,0,T14,N2,END_SERVICE,,,,,,142.07797087233573,
2166.846060898116,0,T14,N2,DEPART_NODE,,,,,,,
2166.846060898116,0,T15,N2,START_SERVICE,,,,,,,
2166.846060898116,0,T14,N2,START_REST,,,,,,,
2174.089518664707,0,T1,N5,ARRIVAL_NODE,,,,,281.3225516994384,,
2174.089518664707,0,T1,N5,START_SERVICE,,,,,,,
2198.036126021259,0,T19,N5,ARRIVAL_NODE,,,,,1165.2940203280205,,
2198.036126021259,0,T19,N5,START_SERVICE,,,,,,,
2204.1716363159367,0,T6,N15,END_SERVICE,,,,,,201.56435905498677,
2204.1716363159367,0,T6,N15,ORDER_ASSIGNED,ORD26,N2,N1,Nearest Idle Truck,,,
2204.1716363159367,0,T6,N15,DEPART_NODE,,,,,,,
2204.1716363159367,0,T6,N15,START_REST,,,,,,,
2212.263910372227,0,T9,N15,END_SERVICE,,,,,,66.54197139476439,
2212.263910372227,0,T9,N15,DEPART_NODE,,,,,,,
2212.263910372227,0,T9,N15,START_REST,,,,,,,
2226.1685404286495,0,T7,N6,END_REST,,,,,,,60.0
2226.1685404286495,0,T7,N6,DEPART_NODE,,,,,,,
2226.846060898116,0,T15,N2,END_SERVICE,,,,,,60.0,
2226.846060898116,0,T14,N2,END_REST,,,,,,,60.0
2226.846060898116,0,T15,N2,DEPART_NODE,,,,,,,
2226.846060898116,0,T17,N2,START_SERVICE,,,,,,,
2226.846060898116,0,T14,N2,DEPART_NODE,,,,,,,
2226.846060898116,0,T15,N2,START_REST,,,,,,,
2253.9073300588825,0,T18,N11,END_SERVICE,,,,,,180.62482603767558,
2253.9073300588825,0,T18,N11,DEPART_NODE,,,,,,,
2253.9073300588825,0,T18,N11,START_REST,,,,,,,
2264.1716363159367,0,T6,N15,END_REST,,,,,,,60.0
2264.1716363159367,0,T6,N15,DEPART_NODE,,,,,,,
2268.1241206863488,0,T13,N2,ARRIVAL_NODE,,,,,509.5512496379943,,
2272.263910372227,0,T9,N15,END_REST,,,,,,,60.0
2272.263910372227,0,T9,N15,DEPART_NODE,,,,,,,
2286.846060898116,0,T15,N2,END_REST,,,,,,,60.0
2286.846060898116,0,T15,N2,DEPART_NODE,,,,,,,
2298.900040116403,0,T4,N10,END_SERVICE,,,,,,191.13805066398194,
2298.900040116403,0,T4,N10,DEPART_NODE,,,,,,,
2298.900040116403,0,T4,N10,START_REST,,,,,,,
2308.66488818698,0,T12,N15,ARRIVAL_NODE,,,,,530.2052907499784,,
2308.66488818698,0,T12,N15,START_SERVICE,,,,,,,
2313.9073300588825,0,T18,N11,END_REST,,,,,,,60.0
2313.9073300588825,0,T18,N11,DEPART_NODE,,,,,,,
2335.0928873423,0,T1,N5,END_SERVICE,,,,,,161.003368677593,
2335.0928873423,0,T1,N5,DEPART_NODE,,,,,,,
2335.0928873423,0,T1,N5,START_REST,,,,,,,
2354.138716560738,0,T20,N2,END_SERVICE,,,,,,221.97055027390516,
2354.138716560738,0,T20,N2,DEPART_NODE,,,,,,,
2354.138716560738,0,T13,N2,START_SERVICE,,,,,,,
2354.138716560738,0,T20,N2,START_REST,,,,,,,
2358.900040116403,0,T4,N10,END_REST,,,,,,,60.0
2358.900040116403,0,T4,N10,DEPART_NODE,,,,,,,
2369.1379353575894,0,T5,N14,ARRIVAL_NODE,,,,,655.2140311989714,,
2369.1379353575894,0,T5,N14,START_SERVICE,,,,,,,
2395.0928873423,0,T1,N5,END_REST,,,,,,,60.0
2395.0928873423,0,T1,N5,DEPART_NODE,,,,,,,
2414.138716560738,0,T20,N2,END_REST,,,,,,,60.0
2414.138716560738,0,T20,N2,DEPART_NODE,,,,,,,
2433.1670803994725,0,T7,N4,ARRIVAL_NODE,,,,,206.9985399708232,,
2433.1670803994725,0,T7,N4,START_SERVICE,,,,,,,
2438.7217258765527,0,T2,N7,ARRIVAL_NODE,,,,,479.50429386636023,,
2438.7217258765527,0,T2,N7,START_SERVICE,,,,,,,
2444.7099462963174,0,T8,N7,ARRIVAL_NODE,,,,,801.6819830584399,,
2460.7784734746356,0,T19,N5,END_SERVICE,,,,,,262.74234745337674,
2460.7784734746356,0,T19,N5,ORDER_ASSIGNED,ORD14,N12,N14,Nearest Idle Truck,,,
2460.7784734746356,0,T19,N5,DEPART_NODE,,,,,,,
2460.7784734746356,0,T19,N5,START_REST,,,,,,,
2462.7281508310684,0,T12,N15,END_SERVICE,,,,,,154.06326264408852,
2462.7281508310684,0,T12,N15,DEPART_NODE,,,,,,,
2462.7281508310684,0,T12,N15,START_REST,,,,,,,
2468.635950298364,0,T16,N15,ARRIVAL_NODE,,,,,465.13124060885264,,
2468.635950298364,0,T16,N15,START_SERVICE,,,,,,,
2472.678000028356,0,T17,N2,END_SERVICE,,,,,,245.8319391302403,
2472.678000028356,0,T17,N2,DEPART_NODE,,,,,,,
2472.678000028356,0,T17,N2,START_REST,,,,,,,
2474.905197856382,0,T13,N2,END_SERVICE,,,,,,120.76648129564397,
2474.905197856382,0,T13,N2,DEPART_NODE,,,,,,,
2474.905197856382,0,T13,N2,START_REST,,,,,,,
2493.1670803994725,0,T7,N4,END_SERVICE,,,,,,60.0,
2493.1670803994725,0,T7,N4,DEPART_NODE,,,,,,,
2520.7784734746356,0,T19,N5,END_REST,,,,,,,60.0
2520.7784734746356,0,T19,N5,DEPART_NODE,,,,,,,
2522.7281508310684,0,T12,N15,END_REST,,,,,,,60.0
2522.7281508310684,0,T12,N15,DEPART_NODE,,,,,,,
2529.464388273534,0,T4,N9,ARRIVAL_NODE,,,,,170.56434815713092,,
2529.464388273534,0,T4,N9,START_SERVICE,,,,,,,
2532.678000028356,0,T17,N2,END_REST,,,,,,,60.0
2532.678000028356,0,T17,N2,DEPART_NODE,,,,,,,
2534.905197856382,0,T13,N2,END_REST,,,,,,,60.0
2534.905197856382,0,T13,N2,DEPART_NODE,,,,,,,
2610.1174118297854,0,T5,N14,END_SERVICE,,,,,,240.9794764721959,
2610.1174118297854,0,T5,N14,DEPART_NODE,,,,,,,
2610.1174118297854,0,T5,N14,START_REST,,,,,,,
2630.5901533815213,0,T10,N2,ARRIVAL_NODE,,,,,546.7351892348186,,
2630.5901533815213,0,T10,N2,START_SERVICE,,,,,,,
2635.4165973939726,0,T18,N12,ARRIVAL_NODE,,,,,321.5092673350901,,
2635.4165973939726,0,T18,N12,START_SERVICE,,,,,,,
2645.4437332504112,0,T16,N15,END_SERVICE,,,,,,176.80778295204723,
2654.06462105944,0,T4,N9,END_SERVICE,,,,,,124.60023278590597,
2654.06462105944,0,T4,N9,DEPART_NODE,,,,,,,
2654.06462105944,0,T4,N9,START_REST,,,,,,,
2654.1633579971653,0,T7,N6,ARRIVAL_NODE,,,,,160.99627759769265,,
2654.1633579971653,0,T7,N6,START_SERVICE,,,,,,,
2670.1174118297854,0,T5,N14,END_REST,,,,,,,60.0
2670.1174118297854,0,T5,N14,DEPART_NODE,,,,,,,
2681.7399029878598,0,T11,N13,ARRIVAL_NODE,,,,,521.3762749442386,,
2681.7399029878598,0,T11,N13,START_SERVICE,,,,,,,
2690.5901533815213,0,T10,N2,END_SERVICE,,,,,,60.0,
2690.5901533815213,0,T10,N2,DEPART_NODE,,,,,,,
2690.5901533815213,0,T10,N2,START_REST,,,,,,,
2695.4165973939726,0,T18,N12,END_SERVICE,,,,,,60.0,
2695.4165973939726,0,T18,N12,DEPART_NODE,,,,,,,
2695.4165973939726,0,T18,N12,START_REST,,,,,,,
2704.8733706929434,0,T1,N6,ARRIVAL_NODE,,,,,309.7804833506435,,
2704.8733706929434,0,T1,N6,START_SERVICE,,,,,,,
2714.06462105944,0,T4,N9,END_REST,,,,,,,60.0
2714.06462105944,0,T4,N9,DEPART_NODE,,,,,,,
2716.2055655929476,0,T2,N7,END_SERVICE,,,,,,277.4838397163948,
2716.2055655929476,0,T2,N7,DEPART_NODE,,,,,,,
2716.2055655929476,0,T8,N7,START_SERVICE,,,,,,,
2716.2055655929476,0,T2,N7,START_REST,,,,,,,
2741.7399029878598,0,T11,N13,END_SERVICE,,,,,,60.0,
2741.7399029878598,0,T11,N13,DEPART_NODE,,,,,,,
2741.7399029878598,0,T11,N13,START_REST,,,,,,,
2742.1554688445694,0,T17,N1,ARRIVAL_NODE,,,,,209.47746881621342,,
2742.1554688445694,0,T17,N1,START_SERVICE,,,,,,,
2750.5901533815213,0,T10,N2,END_REST,,,,,,,60.0
2750.5901533815213,0,T10,N2,DEPART_NODE,,,,,,,
2753.50174455743,0,T9,N5,ARRIVAL_NODE,,,,,481.2378341852027,,
2753.50174455743,0,T9,N5,START_SERVICE,,,,,,,
2755.4165973939726,0,T18,N12,END_REST,,,,,,,60.0
2755.4165973939726,0,T18,N12,DEPART_NODE,,,,,,,
2765.885008978197,0,T7,N6,END_SERVICE,,,,,,111.72165098103196,
2765.885008978197,0,T7,N6,DEPART_NODE,,,,,,,
2765.885008978197,0,T7,N6,START_REST,,,,,,,
2776.2055655929476,0,T2,N7,END_REST,,,,,,,60.0
2776.2055655929476,0,T2,N7,DEPART_NODE,,,,,,,
2784.46291516354,0,T19,N6,ARRIVAL_NODE,,,,,263.68444168890414,,
2784.46291516354,0,T19,N6,START_SERVICE,,,,,,,
2790.6924091144065,0,T14,N9,ARRIVAL_NODE,,,,,563.8463482162907,,
2790.6924091144065,0,T14,N9,START_SERVICE,,,,,,,
2791.8084230127415,0,T15,N6,ARRIVAL_NODE,,,,,504.96236211462565,,
2801.7399029878598,0,T11,N13,END_REST,,,,,,,60.0
2801.7399029878598,0,T11,N13,DEPART_NODE,,,,,,,
2816.0312693401083,0,T6,N6,ARRIVAL_NODE,,,,,551.8596330241719,,
2825.885008978197,0,T7,N6,END_REST,,,,,,,60.0
2825.885008978197,0,T7,N6,DEPART_NODE,,,,,,,
2834.9497428300497,0,T8,N7,END_SERVICE,,,,,,118.74417723710192,
2834.9497428300497,0,T8,N7,DEPART_NODE,,,,,,,
2834.9497428300497,0,T8,N7,START_REST,,,,,,,
2836.4747028592824,0,T17,N1,END_SERVICE,,,,,,94.31923401471293,
2836.4747028592824,0,T17,N1,ORDER_ASSIGNED,ORD40,N11,N3,Nearest Idle Truck,,,
2836.4747028592824,0,T17,N1,DEPART_NODE,,,,,,,
2839.8957456820795,0,T20,N6,ARRIVAL_NODE,,,,,425.7570291213415,,
2868.0150221322065,0,T19,N6,END_SERVICE,,,,,,83.5521069686666,
2868.0150221322065,0,T19,N6,DEPART_NODE,,,,,,,
2868.0150221322065,0,T15,N6,START_SERVICE,,,,,,,
2868.0150221322065,0,T19,N6,START_REST,,,,,,,
2876.9194547573306,0,T1,N6,END_SERVICE,,,,,,172.04608406438734,
2876.9194547573306,0,T1,N6,DEPART_NODE,,,,,,,
2876.9194547573306,0,T6,N6,START_SERVICE,,,,,,,
2876.9194547573306,0,T1,N6,START_REST,,,,,,,
2880.394281674608,0,T3,N2,ARRIVAL_NODE,,,,,766.1968507422583,,
2880.394281674608,0,T3,N2,START_SERVICE,,,,,,,
2894.9497428300497,0,T8,N7,END_REST,,,,,,,60.0
2894.9497428300497,0,T8,N7,DEPART_NODE,,,,,,,
2920.1892287080022,0,T9,N5,END_SERVICE,,,,,,166.68748415057223,
2920.1892287080022,0,T9,N5,ORDER_ASSIGNED,ORD45,N3,N8,Nearest Idle Truck,,,
2920.1892287080022,0,T9,N5,DEPART_NODE,,,,,,,
2920.1892287080022,0,T9,N5,START_REST,,,,,,,
2928.0150221322065,0,T19,N6,END_REST,,,,,,,60.0
2928.0150221322065,0,T19,N6,DEPART_NODE,,,,,,,
2931.066136355729,0,T13,N11,ARRIVAL_NODE,,,,,396.16093849934737,,
2931.066136355729,0,T13,N11,START_SERVICE,,,,,,,
2936.9194547573306,0,T1,N6,END_REST,,,,,,,60.0
2936.9194547573306,0,T1,N6,DEPART_NODE,,,,,,,
2973.983505124999,0,T15,N6,END_SERVICE,,,,,,105.96848299279226,
2973.983505124999,0,T15,N6,DEPART_NODE,,,,,,,
2973.983505124999,0,T20,N6,START_SERVICE,,,,,,,
2973.983505124999,0,T15,N6,START_REST,,,,,,,
2980.1892287080022,0,T9,N5,END_REST,,,,,,,60.0
2980.1892287080022,0,T9,N5,DEPART_NODE,,,,,,,
2990.462030519529,0,T3,N2,END_SERVICE,,,,,,110.06774884492117,
2990.462030519529,0,T3,N2,DEPART_NODE,,,,,,,
2990.462030519529,0,T3,N2,START_REST,,,,,,,
2998.539885660419,0,T12,N6,ARRIVAL_NODE,,,,,475.81173482935026,,
3005.9214794705495,0,T6,N6,END_SERVICE,,,,,,129.002024713219,
3005.9214794705495,0,T6,N6,DEPART_NODE,,,,,,,
3005.9214794705495,0,T12,N6,START_SERVICE,,,,,,,
3005.9214794705495,0,T6,N6,START_REST,,,,,,,
3009.523012430259,0,T14,N9,END_SERVICE,,,,,,218.8306033158522,
3009.523012430259,0,T14,N9,ORDER_ASSIGNED,ORD44,N12,N6,Nearest Idle Truck,,,
3009.523012430259,0,T14,N9,DEPART_NODE,,,,,,,
3009.523012430259,0,T14,N9,START_REST,,,,,,,
3015.323025682208,0,T13,N11,END_SERVICE,,,,,,84.25688932647894,
3015.323025682208,0,T13,N11,ORDER_ASSIGNED,ORD9,N9,N8,Nearest Idle Truck,,,
3015.323025682208,0,T13,N11,DEPART_NODE,,,,,,,
3015.323025682208,0,T13,N11,START_REST,,,,,,,
3021.1936593378414,0,T2,N15,ARRIVAL_NODE,,,,,244.98809374489372,,
3021.1936593378414,0,T2,N15,START_SERVICE,,,,,,,
3031.114757156586,0,T17,N2,ARRIVAL_NODE,,,,,194.64005429730395,,
3031.114757156586,0,T17,N2,START_SERVICE,,,,,,,
3033.983505124999,0,T15,N6,END_REST,,,,,,,60.0
3033.983505124999,0,T15,N6,DEPART_NODE,,,,,,,
3049.0935510784166,0,T20,N6,END_SERVICE,,,,,,75.11004595341754,
3049.0935510784166,0,T20,N6,DEPART_NODE,,,,,,,
3049.0935510784166,0,T20,N6,START_REST,,,,,,,
3050.462030519529,0,T3,N2,END_REST,,,,,,,60.0
3050.462030519529,0,T3,N2,DEPART_NODE,,,,,,,
3065.9214794705495,0,T6,N6,END_REST,,,,,,,60.0
3065.9214794705495,0,T6,N6,DEPART_NODE,,,,,,,
3069.523012430259,0,T14,N9,END_REST,,,,,,,60.0
3069.523012430259,0,T14,N9,DEPART_NODE,,,,,,,
3075.323025682208,0,T13,N11,END_REST,,,,,,,60.0
3075.323025682208,0,T13,N11,DEPART_NODE,,,,,,,
3108.8506229599266,0,T4,N2,ARRIVAL_NODE,,,,,394.7860019004864,,
3108.8506229599266,0,T4,N2,START_SERVICE,,,,,,,
3109.0935510784166,0,T20,N6,END_REST,,,,,,,60.0
3109.0935510784166,0,T20,N6,DEPART_NODE,,,,,,,
3113.557038616171,0,T18,N11,ARRIVAL_NODE,,,,,358.14044122219866,,
3113.557038616171,0,T18,N11,START_SERVICE,,,,,,,
3137.4562735150457,0,T2,N15,END_SERVICE,,,,,,116.26261417720447,
3137.4562735150457,0,T2,N15,ORDER_ASSIGNED,ORD46,N13,N15,Nearest Idle Truck,,,
3137.4562735150457,0,T2,N15,DEPART_NODE,,,,,,,
3137.4562735150457,0,T2,N15,START_REST,,,,,,,
3157.4309633755456,0,T9,N6,ARRIVAL_NODE,,,,,177.24173466754357,,
3157.4309633755456,0,T9,N6,START_SERVICE,,,,,,,
3184.34442417446,0,T18,N11,END_SERVICE,,,,,,70.78738555828889,
3184.34442417446,0,T18,N11,DEPART_NODE,,,,,,,
3184.34442417446,0,T18,N11,START_REST,,,,,,,
3197.4562735150457,0,T2,N15,END_REST,,,,,,,60.0
3197.4562735150457,0,T2,N15,DEPART_NODE,,,,,,,
3227.1972122987354,0,T12,N6,END_SERVICE,,,,,,221.27573282818597,
3227.1972122987354,0,T12,N6,ORDER_ASSIGNED,ORD2,N11,N15,Nearest Idle Truck,,,
3227.1972122987354,0,T12,N6,DEPART_NODE,,,,,,,
3227.1972122987354,0,T12,N6,START_REST,,,,,,,
3244.34442417446,0,T18,N11,END_REST,,,,,,,60.0
3244.34442417446,0,T18,N11,DEPART_NODE,,,,,,,
3252.03995856588,0,T17,N2,END_SERVICE,,,,,,220.92520140929406,
3252.03995856588,0,T17,N2,DEPART_NODE,,,,,,,
3252.03995856588,0,T17,N2,START_REST,,,,,,,
3269.0267367376728,0,T4,N2,END_SERVICE,,,,,,160.17611377774637,
3269.0267367376728,0,T4,N2,DEPART_NODE,,,,,,,
3269.0267367376728,0,T4,N2,START_REST,,,,,,,
3279.7171353605454,0,T7,N2,ARRIVAL_NODE,,,,,453.83212638234835,,
3279.7171353605454,0,T7,N2,START_SERVICE,,,,,,,
3281.645486576759,0,T15,N5,ARRIVAL_NODE,,,,,247.66198145176045,,
3281.645486576759,0,T15,N5,START_SERVICE,,,,,,,
3287.1972122987354,0,T12,N6,END_REST,,,,,,,60.0
3287.1972122987354,0,T12,N6,DEPART_NODE,,,,,,,
3312.03995856588,0,T17,N2,END_REST,,,,,,,60.0
3312.03995856588,0,T17,N2,DEPART_NODE,,,,,,,
3322.64048912604,0,T13,N2,ARRIVAL_NODE,,,,,247.31746344383188,,
3322.64048912604,0,T13,N2,START_SERVICE,,,,,,,
3329.0267367376728,0,T4,N2,END_REST,,,,,,,60.0
3329.0267367376728,0,T4,N2,DEPART_NODE,,,,,,,
3330.1245914686187,0,T11,N9,ARRIVAL_NODE,,,,,528.3846884807592,,
3330.1245914686187,0,T11,N9,START_SERVICE,,,,,,,
3338.118360680899,0,T9,N6,END_SERVICE,,,,,,180.68739730535356,
3338.118360680899,0,T9,N6,DEPART_NODE,,,,,,,
3338.118360680899,0,T9,N6,START_REST,,,,,,,
3346.936479215867,0,T5,N2,ARRIVAL_NODE,,,,,676.8190673860817,,
3390.1245914686187,0,T11,N9,END_SERVICE,,,,,,60.0,
3390.1245914686187,0,T11,N9,DEPART_NODE,,,,,,,
3390.1245914686187,0,T11,N9,START_REST,,,,,,,
3398.118360680899,0,T9,N6,END_REST,,,,,,,60.0
3398.118360680899,0,T9,N6,DEPART_NODE,,,,,,,
3400.208026957323,0,T7,N2,END_SERVICE,,,,,,120.4908915967774,
3400.208026957323,0,T7,N2,DEPART_NODE,,,,,,,
3400.208026957323,0,T5,N2,START_SERVICE,,,,,,,
3400.208026957323,0,T7,N2,START_REST,,,,,,,
3414.3021537241475,0,T15,N5,END_SERVICE,,,,,,132.65666714738836,
3414.3021537241475,0,T15,N5,ORDER_ASSIGNED,ORD34,N7,N6,Nearest Idle Truck,,,
3414.3021537241475,0,T15,N5,DEPART_NODE,,,,,,,
3414.3021537241475,0,T15,N5,START_REST,,,,,,,
3425.7065666578133,0,T10,N14,ARRIVAL_NODE,,,,,675.1164132762918,,
3425.7065666578133,0,T10,N14,START_SERVICE,,,,,,,
3450.1245914686187,0,T11,N9,END_REST,,,,,,,60.0
3450.1245914686187,0,T11,N9,DEPART_NODE,,,,,,,
3453.2151309737346,0,T19,N2,ARRIVAL_NODE,,,,,525.200108841528,,
3454.2472068275692,0,T13,N2,END_SERVICE,,,,,,131.6067177015292,
3454.2472068275692,0,T13,N2,DEPART_NODE,,,,,,,
3454.2472068275692,0,T19,N2,START_SERVICE,,,,,,,
3454.2472068275692,0,T13,N2,START_REST,,,,,,,
3460.208026957323,0,T7,N2,END_REST,,,,,,,60.0
3460.208026957323,0,T7,N2,DEPART_NODE,,,,,,,
3474.3021537241475,0,T15,N5,END_REST,,,,,,,60.0
3474.3021537241475,0,T15,N5,DEPART_NODE,,,,,,,
3478.8752543981523,0,T20,N15,ARRIVAL_NODE,,,,,369.7817033197356,,
3478.8752543981523,0,T20,N15,START_SERVICE,,,,,,,
3495.779959553341,0,T10,N14,END_SERVICE,,,,,,70.0733928955277,
3495.779959553341,0,T10,N14,ORDER_ASSIGNED,ORD50,N7,N9,Nearest Idle Truck,,,
3495.779959553341,0,T10,N14,DEPART_NODE,,,,,,,
3495.779959553341,0,T10,N14,START_REST,,,,,,,
3514.2472068275692,0,T13,N2,END_REST,,,,,,,60.0
3514.2472068275692,0,T13,N2,DEPART_NODE,,,,,,,
3516.7046693173625,0,T19,N2,END_SERVICE,,,,,,62.457462489793166,
3516.7046693173625,0,T19,N2,DEPART_NODE,,,,,,,
3516.7046693173625,0,T19,N2,START_REST,,,,,,,
3555.779959553341,0,T10,N14,END_REST,,,,,,,60.0
3555.779959553341,0,T10,N14,DEPART_NODE,,,,,,,
3557.680261304548,0,T17,N11,ARRIVAL_NODE,,,,,245.6403027386677,,
3557.680261304548,0,T17,N11,START_SERVICE,,,,,,,
3575.3548160993673,0,T20,N15,END_SERVICE,,,,,,96.47956170121526,
3575.3548160993673,0,T20,N15,ORDER_ASSIGNED,ORD23,N11,N15,Nearest Idle Truck,,,
3575.3548160993673,0,T20,N15,DEPART_NODE,,,,,,,
3575.3548160993673,0,T20,N15,START_REST,,,,,,,
3576.7046693173625,0,T19,N2,END_REST,,,,,,,60.0
3576.7046693173625,0,T19,N2,DEPART_NODE,,,,,,,
3589.0707797807004,0,T5,N2,END_SERVICE,,,,,,188.86275282337755,
3589.0707797807004,0,T5,N2,DEPART_NODE,,,,,,,
3589.0707797807004,0,T5,N2,START_REST,,,,,,,
3592.034283268887,0,T14,N2,ARRIVAL_NODE,,,,,522.5112708386283,,
3592.034283268887,0,T14,N2,START_SERVICE,,,,,,,
3611.0422762341027,0,T6,N2,ARRIVAL_NODE,,,,,545.1207967635534,,
3611.0422762341027,0,T6,N2,START_SERVICE,,,,,,,
3617.680261304548,0,T17,N11,END_SERVICE,,,,,,60.0,
3617.680261304548,0,T17,N11,DEPART_NODE,,,,,,,
3617.680261304548,0,T17,N11,START_REST,,,,,,,
3635.3548160993673,0,T20,N15,END_REST,,,,,,,60.0
3635.3548160993673,0,T20,N15,DEPART_NODE,,,,,,,
3649.0707797807004,0,T5,N2,END_REST,,,,,,,60.0
3649.0707797807004,0,T5,N2,DEPART_NODE,,,,,,,
3659.948139543733,0,T1,N2,ARRIVAL_NODE,,,,,723.0286847864023,,
3675.0879162989545,0,T4,N11,ARRIVAL_NODE,,,,,346.06117956128173,,
3675.0879162989545,0,T4,N11,START_SERVICE,,,,,,,
3677.680261304548,0,T17,N11,END_REST,,,,,,,60.0
3677.680261304548,0,T17,N11,DEPART_NODE,,,,,,,
3691.154862896808,0,T14,N2,END_SERVICE,,,,,,99.12057962792103,
3691.154862896808,0,T14,N2,DEPART_NODE,,,,,,,
3691.154862896808,0,T1,N2,START_SERVICE,,,,,,,
3691.154862896808,0,T14,N2,START_REST,,,,,,,
3693.901008376948,0,T6,N2,END_SERVICE,,,,,,82.8587321428454,
3693.901008376948,0,T6,N2,DEPART_NODE,,,,,,,
3693.901008376948,0,T6,N2,START_REST,,,,,,,
3723.431561850346,0,T2,N6,ARRIVAL_NODE,,,,,525.9752883353003,,
3723.431561850346,0,T2,N6,START_SERVICE,,,,,,,
3726.1773990763622,0,T15,N4,ARRIVAL_NODE,,,,,251.87524535221462,,
3726.1773990763622,0,T15,N4,START_SERVICE,,,,,,,
3751.154862896808,0,T14,N2,END_REST,,,,,,,60.0
3751.154862896808,0,T14,N2,DEPART_NODE,,,,,,,
3753.901008376948,0,T6,N2,END_REST,,,,,,,60.0
3753.901008376948,0,T6,N2,DEPART_NODE,,,,,,,
3760.56140315035,0,T12,N2,ARRIVAL_NODE,,,,,473.3641908516146,,
3760.56140315035,0,T12,N2,START_SERVICE,,,,,,,
3794.7602322938847,0,T4,N11,END_SERVICE,,,,,,119.67231599493013,
3794.7602322938847,0,T4,N11,DEPART_NODE,,,,,,,
3794.7602322938847,0,T4,N11,START_REST,,,,,,,
3800.1081749165937,0,T2,N6,END_SERVICE,,,,,,76.67661306624747,
3800.1081749165937,0,T2,N6,DEPART_NODE,,,,,,,
3800.1081749165937,0,T2,N6,START_REST,,,,,,,
3814.2517398204864,0,T11,N2,ARRIVAL_NODE,,,,,364.12714835186773,,
3827.9366597335825,0,T12,N2,END_SERVICE,,,,,,67.37525658323248,
3827.9366597335825,0,T12,N2,DEPART_NODE,,,,,,,
3827.9366597335825,0,T11,N2,START_SERVICE,,,,,,,
3827.9366597335825,0,T12,N2,START_REST,,,,,,,
3834.164352886848,0,T8,N6,ARRIVAL_NODE,,,,,939.2146100567982,,
3834.164352886848,0,T8,N6,START_SERVICE,,,,,,,
3854.7602322938847,0,T4,N11,END_REST,,,,,,,60.0
3854.7602322938847,0,T4,N11,DEPART_NODE,,,,,,,
3860.1081749165937,0,T2,N6,END_REST,,,,,,,60.0
3860.1081749165937,0,T2,N6,DEPART_NODE,,,,,,,
3887.9366597335825,0,T12,N2,END_REST,,,,,,,60.0
3887.9366597335825,0,T12,N2,DEPART_NODE,,,,,,,
3906.8002694029683,0,T1,N2,END_SERVICE,,,,,,215.64540650616047,
3906.8002694029683,0,T1,N2,DEPART_NODE,,,,,,,
3906.8002694029683,0,T1,N2,START_REST,,,,,,,
3926.935103149891,0,T9,N2,ARRIVAL_NODE,,,,,528.816742468992,,
3926.935103149891,0,T9,N2,START_SERVICE,,,,,,,
3950.538645101328,0,T18,N2,ARRIVAL_NODE,,,,,706.1942209268677,,
3966.8002694029683,0,T1,N2,END_REST,,,,,,,60.0
3966.8002694029683,0,T1,N2,DEPART_NODE,,,,,,,
3979.1864849151543,0,T11,N2,END_SERVICE,,,,,,151.24982518157196,
3979.1864849151543,0,T11,N2,DEPART_NODE,,,,,,,
3979.1864849151543,0,T18,N2,START_SERVICE,,,,,,,
3979.1864849151543,0,T11,N2,START_REST,,,,,,,
3984.259714021736,0,T15,N4,END_SERVICE,,,,,,258.0823149453735,
3984.259714021736,0,T15,N4,DEPART_NODE,,,,,,,
3984.259714021736,0,T15,N4,START_REST,,,,,,,
3988.7015193434654,0,T8,N6,END_SERVICE,,,,,,154.53716645661743,
3988.7015193434654,0,T8,N6,DEPART_NODE,,,,,,,
3988.7015193434654,0,T8,N6,START_REST,,,,,,,
3993.859026630873,0,T20,N6,ARRIVAL_NODE,,,,,358.50421053150575,,
3993.859026630873,0,T20,N6,START_SERVICE,,,,,,,
3996.8005954402824,0,T7,N9,ARRIVAL_NODE,,,,,536.5925684829595,,
3996.8005954402824,0,T7,N9,START_SERVICE,,,,,,,
4008.6530377849977,0,T9,N2,END_SERVICE,,,,,,81.71793463510674,
4008.6530377849977,0,T9,N2,DEPART_NODE,,,,,,,
4008.6530377849977,0,T9,N2,START_REST,,,,,,,
4009.887207053247,0,T19,N11,ARRIVAL_NODE,,,,,433.18253773588464,,
4009.887207053247,0,T19,N11,START_SERVICE,,,,,,,
4017.5710845261933,0,T17,N2,ARRIVAL_NODE,,,,,339.89082322164535,,
4017.5710845261933,0,T17,N2,START_SERVICE,,,,,,,
4031.0952977365996,0,T13,N9,ARRIVAL_NODE,,,,,516.8480909090302,,
4039.1864849151543,0,T11,N2,END_REST,,,,,,,60.0
4039.1864849151543,0,T11,N2,DEPART_NODE,,,,,,,
4044.259714021736,0,T15,N4,END_REST,,,,,,,60.0
4044.259714021736,0,T15,N4,DEPART_NODE,,,,,,,
4047.9493788474065,0,T6,N1,ARRIVAL_NODE,,,,,294.04837047045856,,
4047.9493788474065,0,T6,N1,START_SERVICE,,,,,,,
4048.7015193434654,0,T8,N6,END_REST,,,,,,,60.0
4048.7015193434654,0,T8,N6,DEPART_NODE,,,,,,,
4054.907797143815,0,T3,N8,ARRIVAL_NODE,,,,,1004.4457666242862,,
4054.907797143815,0,T3,N8,START_SERVICE,,,,,,,
4056.8005954402824,0,T7,N9,END_SERVICE,,,,,,60.0,
4056.8005954402824,0,T7,N9,DEPART_NODE,,,,,,,
4056.8005954402824,0,T13,N9,START_SERVICE,,,,,,,
4056.8005954402824,0,T7,N9,START_REST,,,,,,,
4068.6530377849977,0,T9,N2,END_REST,,,,,,,60.0
4068.6530377849977,0,T9,N2,DEPART_NODE,,,,,,,
4073.4382312883654,0,T19,N11,END_SERVICE,,,,,,63.55102423511839,
4073.4382312883654,0,T19,N11,DEPART_NODE,,,,,,,
4073.4382312883654,0,T19,N11,START_REST,,,,,,,
4089.024590678126,0,T4,N12,ARRIVAL_NODE,,,,,234.26435838424155,,
4089.024590678126,0,T4,N12,START_SERVICE,,,,,,,
4103.8912136504605,0,T18,N2,END_SERVICE,,,,,,124.70472873530646,
4103.8912136504605,0,T18,N2,DEPART_NODE,,,,,,,
4103.8912136504605,0,T18,N2,START_REST,,,,,,,
4109.939371081495,0,T17,N2,END_SERVICE,,,,,,92.36828655530175,
4109.939371081495,0,T17,N2,DEPART_NODE,,,,,,,
4109.939371081495,0,T17,N2,START_REST,,,,,,,
4115.619521021729,0,T3,N8,END_SERVICE,,,,,,60.71172387791425,
4115.619521021729,0,T3,N8,DEPART_NODE,,,,,,,
4115.619521021729,0,T3,N8,START_REST,,,,,,,
4116.800595440282,0,T7,N9,END_REST,,,,,,,60.0
4116.800595440282,0,T7,N9,DEPART_NODE,,,,,,,
4118.020121476624,0,T10,N2,ARRIVAL_NODE,,,,,562.2401619232833,,
4118.020121476624,0,T10,N2,START_SERVICE,,,,,,,
4125.617239722276,0,T20,N6,END_SERVICE,,,,,,131.75821309140363,
4125.617239722276,0,T20,N6,DEPART_NODE,,,,,,,
4125.617239722276,0,T20,N6,START_REST,,,,,,,
4133.438231288365,0,T19,N11,END_REST,,,,,,,60.0
4133.438231288365,0,T19,N11,DEPART_NODE,,,,,,,
4149.024590678126,0,T4,N12,END_SERVICE,,,,,,60.0,
4149.024590678126,0,T4,N12,ORDER_ASSIGNED,ORD13,N15,N10,Nearest Idle Truck,,,
4149.024590678126,0,T4,N12,DEPART_NODE,,,,,,,
4149.024590678126,0,T4,N12,START_REST,,,,,,,
4163.8912136504605,0,T18,N2,END_REST,,,,,,,60.0
4163.8912136504605,0,T18,N2,DEPART_NODE,,,,,,,
4169.939371081495,0,T17,N2,END_REST,,,,,,,60.0
4169.939371081495,0,T17,N2,DEPART_NODE,,,,,,,
4174.6751735079915,0,T14,N11,ARRIVAL_NODE,,,,,423.52031061118356,,
4174.6751735079915,0,T14,N11,START_SERVICE,,,,,,,
4174.730362380288,0,T5,N9,ARRIVAL_NODE,,,,,525.6595825995876,,
4175.619521021729,0,T3,N8,END_REST,,,,,,,60.0
4175.619521021729,0,T3,N8,DEPART_NODE,,,,,,,
4185.617239722276,0,T20,N6,END_REST,,,,,,,60.0
4185.617239722276,0,T20,N6,DEPART_NODE,,,,,,,
4187.8496499335,0,T13,N9,END_SERVICE,,,,,,131.04905449321694,
4187.8496499335,0,T13,N9,DEPART_NODE,,,,,,,
4187.8496499335,0,T5,N9,START_SERVICE,,,,,,,
4187.8496499335,0,T13,N9,START_REST,,,,,,,
4206.595761622608,0,T10,N2,END_SERVICE,,,,,,88.57564014598371,
4206.595761622608,0,T10,N2,DEPART_NODE,,,,,,,
4206.595761622608,0,T10,N2,START_REST,,,,,,,
4209.024590678126,0,T4,N12,END_REST,,,,,,,60.0
4209.024590678126,0,T4,N12,DEPART_NODE,,,,,,,
4247.8496499335,0,T13,N9,END_REST,,,,,,,60.0
4247.8496499335,0,T13,N9,DEPART_NODE,,,,,,,
4266.595761622608,0,T10,N2,END_REST,,,,,,,60.0
4266.595761622608,0,T10,N2,DEPART_NODE,,,,,,,
4321.396297142882,0,T14,N11,END_SERVICE,,,,,,146.7211236348902,
4321.396297142882,0,T14,N11,DEPART_NODE,,,,,,,
4321.396297142882,0,T14,N11,START_REST,,,,,,,
4326.32176541559,0,T1,N11,ARRIVAL_NODE,,,,,359.5214960126217,,
4326.32176541559,0,T1,N11,START_SERVICE,,,,,,,
4340.447534729333,0,T6,N1,END_SERVICE,,,,,,292.4981558819267,
4340.447534729333,0,T6,N1,ORDER_ASSIGNED,ORD42,N2,N6,Nearest Idle Truck,,,
4340.447534729333,0,T6,N1,DEPART_NODE,,,,,,,
4351.931447410112,0,T12,N11,ARRIVAL_NODE,,,,,463.99478767652977,,
4360.493009118478,0,T5,N9,END_SERVICE,,,,,,172.6433591849784,
4360.493009118478,0,T5,N9,ORDER_ASSIGNED,ORD7,N15,N11,Nearest Idle Truck,,,
4360.493009118478,0,T5,N9,DEPART_NODE,,,,,,,
4360.493009118478,0,T5,N9,START_REST,,,,,,,
4363.6581600378695,0,T9,N9,ARRIVAL_NODE,,,,,295.005122252872,,
4363.6581600378695,0,T9,N9,START_SERVICE,,,,,,,
4381.396297142882,0,T14,N11,END_REST,,,,,,,60.0
4381.396297142882,0,T14,N11,DEPART_NODE,,,,,,,
4386.32176541559,0,T1,N11,END_SERVICE,,,,,,60.0,
4386.32176541559,0,T1,N11,DEPART_NODE,,,,,,,
4386.32176541559,0,T12,N11,START_SERVICE,,,,,,,
4386.32176541559,0,T1,N11,START_REST,,,,,,,
4390.409156455928,0,T19,N12,ARRIVAL_NODE,,,,,256.9709251675619,,
4390.409156455928,0,T19,N12,START_SERVICE,,,,,,,
4420.493009118478,0,T5,N9,END_REST,,,,,,,60.0
4420.493009118478,0,T5,N9,DEPART_NODE,,,,,,,
4446.32176541559,0,T1,N11,END_REST,,,,,,,60.0
4446.32176541559,0,T1,N11,DEPART_NODE,,,,,,,
4455.932609153703,0,T4,N11,ARRIVAL_NODE,,,,,246.9080184755773,,
4463.337809778755,0,T12,N11,END_SERVICE,,,,,,77.016044363166,
4463.337809778755,0,T12,N11,DEPART_NODE,,,,,,,
4463.337809778755,0,T4,N11,START_SERVICE,,,,,,,
4463.337809778755,0,T12,N11,START_REST,,,,,,,
4486.737083566355,0,T18,N9,ARRIVAL_NODE,,,,,322.84586991589464,,
4513.189567754087,0,T6,N2,ARRIVAL_NODE,,,,,172.74203302475428,,
4513.189567754087,0,T6,N2,START_SERVICE,,,,,,,
4519.595667654503,0,T19,N12,END_SERVICE,,,,,,129.18651119857515,
4519.595667654503,0,T19,N12,DEPART_NODE,,,,,,,
4519.595667654503,0,T19,N12,START_REST,,,,,,,
4523.337809778755,0,T12,N11,END_REST,,,,,,,60.0
4523.337809778755,0,T12,N11,DEPART_NODE,,,,,,,
4529.489497102412,0,T7,N13,ARRIVAL_NODE,,,,,412.68890166212975,,
4529.489497102412,0,T7,N13,START_SERVICE,,,,,,,
4547.031278923213,0,T11,N6,ARRIVAL_NODE,,,,,507.8447940080583,,
4547.031278923213,0,T11,N6,START_SERVICE,,,,,,,
4549.4530887142355,0,T17,N9,ARRIVAL_NODE,,,,,379.51371763274074,,
4550.045641547557,0,T2,N2,ARRIVAL_NODE,,,,,689.9374666309634,,
4550.045641547557,0,T2,N2,START_SERVICE,,,,,,,
4579.595667654503,0,T19,N12,END_REST,,,,,,,60.0
4579.595667654503,0,T19,N12,DEPART_NODE,,,,,,,
4594.253834171813,0,T20,N2,ARRIVAL_NODE,,,,,408.63659444953663,,
4643.58154804605,0,T2,N2,END_SERVICE,,,,,,93.53590649849198,
4643.58154804605,0,T2,N2,DEPART_NODE,,,,,,,
4643.58154804605,0,T20,N2,START_SERVICE,,,,,,,
4643.58154804605,0,T2,N2,START_REST,,,,,,,
4663.6581600378695,0,T9,N9,END_SERVICE,,,,,,300.0,
4663.6581600378695,0,T9,N9,DEPART_NODE,,,,,,,
4663.6581600378695,0,T18,N9,START_SERVICE,,,,,,,
4674.844021386004,0,T11,N6,END_SERVICE,,,,,,127.8127424627906,
4674.844021386004,0,T11,N6,DEPART_NODE,,,,,,,
4674.844021386004,0,T11,N6,START_REST,,,,,,,
4676.933186689758,0,T6,N2,END_SERVICE,,,,,,163.74361893567144,
4676.933186689758,0,T6,N2,DEPART_NODE,,,,,,,
4676.933186689758,0,T6,N2,START_REST,,,,,,,
4703.58154804605,0,T2,N2,END_REST,,,,,,,60.0
4703.58154804605,0,T2,N2,DEPART_NODE,,,,,,,
4719.577625409569,0,T10,N6,ARRIVAL_NODE,,,,,452.98186378696147,,
4719.577625409569,0,T10,N6,START_SERVICE,,,,,,,
4719.973619626826,0,T14,N12,ARRIVAL_NODE,,,,,338.5773224839441,,
4719.973619626826,0,T14,N12,START_SERVICE,,,,,,,
4720.484545778455,0,T4,N11,END_SERVICE,,,,,,257.14673599969916,
4720.484545778455,0,T4,N11,DEPART_NODE,,,,,,,
4720.484545778455,0,T4,N11,START_REST,,,,,,,
4734.844021386004,0,T11,N6,END_REST,,,,,,,60.0
4734.844021386004,0,T11,N6,DEPART_NODE,,,,,,,
4736.933186689758,0,T6,N2,END_REST,,,,,,,60.0
4736.933186689758,0,T6,N2,DEPART_NODE,,,,,,,
4739.198219150079,0,T15,N7,ARRIVAL_NODE,,,,,694.9385051283431,,
4739.198219150079,0,T15,N7,START_SERVICE,,,,,,,
4741.460828252407,0,T1,N12,ARRIVAL_NODE,,,,,295.1390628368174,,
4753.669216105476,0,T13,N2,ARRIVAL_NODE,,,,,505.81956617197613,,
4753.669216105476,0,T13,N2,START_SERVICE,,,,,,,
4772.616233363132,0,T8,N2,ARRIVAL_NODE,,,,,723.9147140196666,,
4780.484545778455,0,T4,N11,END_REST,,,,,,,60.0
4780.484545778455,0,T4,N11,DEPART_NODE,,,,,,,
4783.220885641977,0,T18,N9,END_SERVICE,,,,,,119.56272560410747,
4783.220885641977,0,T18,N9,DEPART_NODE,,,,,,,
4783.220885641977,0,T17,N9,START_SERVICE,,,,,,,
4783.220885641977,0,T18,N9,START_REST,,,,,,,
4790.661979453147,0,T20,N2,END_SERVICE,,,,,,147.08043140709734,
4790.661979453147,0,T20,N2,DEPART_NODE,,,,,,,
4790.661979453147,0,T8,N2,START_SERVICE,,,,,,,
4790.661979453147,0,T20,N2,START_REST,,,,,,,
4804.339840603375,0,T5,N2,ARRIVAL_NODE,,,,,383.846831484897,,
4812.08718365539,0,T15,N7,END_SERVICE,,,,,,72.88896450531055,
4812.08718365539,0,T15,N7,DEPART_NODE,,,,,,,
4812.08718365539,0,T15,N7,START_REST,,,,,,,
4816.812517891609,0,T9,N3,ARRIVAL_NODE,,,,,153.15435785373936,,
4816.812517891609,0,T9,N3,START_SERVICE,,,,,,,
4829.489497102412,0,T7,N13,END_SERVICE,,,,,,300.0,
4829.489497102412,0,T7,N13,ORDER_ASSIGNED,ORD15,N3,N8,Nearest Idle Truck,,,
4829.489497102412,0,T7,N13,DEPART_NODE,,,,,,,
4829.489497102412,0,T7,N13,START_REST,,,,,,,
4832.193477233625,0,T10,N6,END_SERVICE,,,,,,112.61585182405648,
4832.193477233625,0,T10,N6,DEPART_NODE,,,,,,,
4832.193477233625,0,T10,N6,START_REST,,,,,,,
4833.852270777966,0,T14,N12,END_SERVICE,,,,,,113.87865115113978,
4833.852270777966,0,T14,N12,DEPART_NODE,,,,,,,
4833.852270777966,0,T1,N12,START_SERVICE,,,,,,,
4833.852270777966,0,T14,N12,START_REST,,,,,,,
4843.220885641977,0,T18,N9,END_REST,,,,,,,60.0
4843.220885641977,0,T18,N9,DEPART_NODE,,,,,,,
4850.661979453147,0,T20,N2,END_REST,,,,,,,60.0
4850.661979453147,0,T20,N2,DEPART_NODE,,,,,,,
4859.891683557257,0,T8,N2,END_SERVICE,,,,,,69.22970410411014,
4859.891683557257,0,T8,N2,ORDER_ASSIGNED,ORD17,N2,N15,Nearest Idle Truck,,,
4859.891683557257,0,T8,N2,DEPART_NODE,,,,,,,
4859.891683557257,0,T5,N2,START_SERVICE,,,,,,,
4859.891683557257,0,T8,N2,START_REST,,,,,,,
4872.08718365539,0,T15,N7,END_REST,,,,,,,60.0
4872.08718365539,0,T15,N7,DEPART_NODE,,,,,,,
4878.491923411555,0,T12,N2,ARRIVAL_NODE,,,,,355.15411363279964,,
4889.489497102412,0,T7,N13,END_REST,,,,,,,60.0
4889.489497102412,0,T7,N13,DEPART_NODE,,,,,,,
4889.839563844459,0,T19,N14,ARRIVAL_NODE,,,,,310.2438961899559,,
4889.839563844459,0,T19,N14,START_SERVICE,,,,,,,
4892.193477233625,0,T10,N6,END_REST,,,,,,,60.0
4892.193477233625,0,T10,N6,DEPART_NODE,,,,,,,
4893.852270777966,0,T14,N12,END_REST,,,,,,,60.0
4893.852270777966,0,T14,N12,DEPART_NODE,,,,,,,
4901.7163574324995,0,T1,N12,END_SERVICE,,,,,,67.86408665453384,
4901.7163574324995,0,T1,N12,ORDER_ASSIGNED,ORD3,N11,N1,Nearest Idle Truck,,,
4901.7163574324995,0,T1,N12,DEPART_NODE,,,,,,,
4901.7163574324995,0,T1,N12,START_REST,,,,,,,
4910.4440826621685,0,T17,N9,END_SERVICE,,,,,,127.22319702019155,
4910.4440826621685,0,T17,N9,DEPART_NODE,,,,,,,
4919.770760790386,0,T9,N3,END_SERVICE,,,,,,102.95824289877686,
4919.770760790386,0,T9,N3,DEPART_NODE,,,,,,,
4919.770760790386,0,T9,N3,START_REST,,,,,,,
4919.891683557257,0,T8,N2,END_REST,,,,,,,60.0
4919.891683557257,0,T8,N2,DEPART_NODE,,,,,,,
4942.2744633735465,0,T13,N2,END_SERVICE,,,,,,188.60524726807037,
4942.2744633735465,0,T13,N2,DEPART_NODE,,,,,,,
4942.2744633735465,0,T12,N2,START_SERVICE,,,,,,,
4942.2744633735465,0,T13,N2,START_REST,,,,,,,
4950.92991589191,0,T5,N2,END_SERVICE,,,,,,91.03823233465276,
4950.92991589191,0,T5,N2,DEPART_NODE,,,,,,,
4950.92991589191,0,T5,N2,START_REST,,,,,,,
4961.7163574324995,0,T1,N12,END_REST,,,,,,,60.0
4961.7163574324995,0,T1,N12,DEPART_NODE,,,,,,,
4979.770760790386,0,T9,N3,END_REST,,,,,,,60.0
4979.770760790386,0,T9,N3,DEPART_NODE,,,,,,,
5002.2744633735465,0,T13,N2,END_REST,,,,,,,60.0
5002.2744633735465,0,T13,N2,DEPART_NODE,,,,,,,
5010.864956976045,0,T17,N3,ARRIVAL_NODE,,,,,100.4208743138763,,
5010.864956976045,0,T17,N3,START_SERVICE,,,,,,,
5010.92991589191,0,T5,N2,END_REST,,,,,,,60.0
5010.92991589191,0,T5,N2,DEPART_NODE,,,,,,,
5083.781097027822,0,T12,N2,END_SERVICE,,,,,,141.5066336542757,
5083.781097027822,0,T12,N2,DEPART_NODE,,,,,,,
5083.781097027822,0,T12,N2,START_REST,,,,,,,
5090.900946898013,0,T3,N2,ARRIVAL_NODE,,,,,915.2814258762838,,
5090.900946898013,0,T3,N2,START_SERVICE,,,,,,,
5091.316616600456,0,T19,N14,END_SERVICE,,,,,,201.477052755997,
5091.316616600456,0,T19,N14,ORDER_ASSIGNED,ORD22,N10,N3,Nearest Idle Truck,,,
5091.316616600456,0,T19,N14,DEPART_NODE,,,,,,,
5091.316616600456,0,T19,N14,START_REST,,,,,,,
5108.260251430514,0,T9,N9,ARRIVAL_NODE,,,,,128.4894906401282,,
5108.260251430514,0,T9,N9,START_SERVICE,,,,,,,
5118.44440756553,0,T17,N3,END_SERVICE,,,,,,107.57945058948597,
5118.44440756553,0,T17,N3,ORDER_ASSIGNED,ORD11,N9,N4,Nearest Idle Truck,,,
5118.44440756553,0,T17,N3,DEPART_NODE,,,,,,,
5118.44440756553,0,T17,N3,START_REST,,,,,,,
5138.536519283092,0,T2,N9,ARRIVAL_NODE,,,,,434.9549712370426,,
5143.781097027822,0,T12,N2,END_REST,,,,,,,60.0
5143.781097027822,0,T12,N2,DEPART_NODE,,,,,,,
5151.316616600456,0,T19,N14,END_REST,,,,,,,60.0
5151.316616600456,0,T19,N14,DEPART_NODE,,,,,,,
5161.019900924432,0,T6,N6,ARRIVAL_NODE,,,,,424.08671423467325,,
5161.019900924432,0,T6,N6,START_SERVICE,,,,,,,
5174.453740178388,0,T4,N2,ARRIVAL_NODE,,,,,393.9691943999332,,
5174.453740178388,0,T4,N2,START_SERVICE,,,,,,,
5178.44440756553,0,T17,N3,END_REST,,,,,,,60.0
5178.44440756553,0,T17,N3,DEPART_NODE,,,,,,,
5207.335742642869,0,T3,N2,END_SERVICE,,,,,,116.43479574485654,
5207.335742642869,0,T3,N2,DEPART_NODE,,,,,,,
5207.335742642869,0,T3,N2,START_REST,,,,,,,
5261.683675485935,0,T4,N2,END_SERVICE,,,,,,87.22993530754704,
5261.683675485935,0,T4,N2,DEPART_NODE,,,,,,,
5261.683675485935,0,T4,N2,START_REST,,,,,,,
5267.335742642869,0,T3,N2,END_REST,,,,,,,60.0
5267.335742642869,0,T3,N2,DEPART_NODE,,,,,,,
5270.187012615879,0,T14,N11,ARRIVAL_NODE,,,,,376.3347418379138,,
5270.187012615879,0,T14,N11,START_SERVICE,,,,,,,
5285.4125553504355,0,T20,N11,ARRIVAL_NODE,,,,,434.7505758972888,,
5290.3381425976095,0,T9,N9,END_SERVICE,,,,,,182.0778911670959,
5290.3381425976095,0,T9,N9,DEPART_NODE,,,,,,,
5290.3381425976095,0,T2,N9,START_SERVICE,,,,,,,
5317.231429519858,0,T11,N15,ARRIVAL_NODE,,,,,582.3874081338536,,
5317.231429519858,0,T11,N15,START_SERVICE,,,,,,,
5321.683675485935,0,T4,N2,END_REST,,,,,,,60.0
5321.683675485935,0,T4,N2,DEPART_NODE,,,,,,,
5324.773408975599,0,T1,N11,ARRIVAL_NODE,,,,,363.05705154309896,,
5344.1450595426695,0,T14,N11,END_SERVICE,,,,,,73.95804692679025,
5344.1450595426695,0,T14,N11,DEPART_NODE,,,,,,,
5344.1450595426695,0,T20,N11,START_SERVICE,,,,,,,
5344.1450595426695,0,T14,N11,START_REST,,,,,,,
5361.064314937103,0,T6,N6,END_SERVICE,,,,,,200.0444140126711,
5361.064314937103,0,T6,N6,ORDER_ASSIGNED,ORD39,N6,N13,Nearest Idle Truck,,,
5361.064314937103,0,T6,N6,DEPART_NODE,,,,,,,
5361.064314937103,0,T6,N6,START_REST,,,,,,,
5366.230213439523,0,T18,N13,ARRIVAL_NODE,,,,,523.0093277975462,,
5366.230213439523,0,T18,N13,START_SERVICE,,,,,,,
5370.008920890747,0,T7,N3,ARRIVAL_NODE,,,,,480.5194237883339,,
5370.008920890747,0,T7,N3,START_SERVICE,,,,,,,
5393.673400666503,0,T2,N9,END_SERVICE,,,,,,103.33525806889311,
5393.673400666503,0,T2,N9,DEPART_NODE,,,,,,,
5393.673400666503,0,T2,N9,START_REST,,,,,,,
5404.1450595426695,0,T14,N11,END_REST,,,,,,,60.0
5404.1450595426695,0,T14,N11,DEPART_NODE,,,,,,,
5421.064314937103,0,T6,N6,END_REST,,,,,,,60.0
5421.064314937103,0,T6,N6,DEPART_NODE,,,,,,,
5430.008920890747,0,T7,N3,END_SERVICE,,,,,,60.0,
5430.008920890747,0,T7,N3,DEPART_NODE,,,,,,,
5430.008920890747,0,T7,N3,START_REST,,,,,,,
5451.902490300569,0,T18,N13,END_SERVICE,,,,,,85.67227686104641,
5451.902490300569,0,T18,N13,ORDER_ASSIGNED,ORD49,N9,N5,Nearest Idle Truck,,,
5451.902490300569,0,T18,N13,DEPART_NODE,,,,,,,
5451.902490300569,0,T18,N13,START_REST,,,,,,,
5453.673400666503,0,T2,N9,END_REST,,,,,,,60.0
5453.673400666503,0,T2,N9,DEPART_NODE,,,,,,,
5490.008920890747,0,T7,N3,END_REST,,,,,,,60.0
5490.008920890747,0,T7,N3,DEPART_NODE,,,,,,,
5495.243853151822,0,T11,N15,END_SERVICE,,,,,,178.01242363196408,
5495.243853151822,0,T11,N15,ORDER_ASSIGNED,ORD47,N7,N11,Nearest Idle Truck,,,
5495.243853151822,0,T11,N15,DEPART_NODE,,,,,,,
5495.243853151822,0,T11,N15,START_REST,,,,,,,
5511.902490300569,0,T18,N13,END_REST,,,,,,,60.0
5511.902490300569,0,T18,N13,DEPART_NODE,,,,,,,
5547.324669050328,0,T17,N9,ARRIVAL_NODE,,,,,368.8802614847986,,
5547.324669050328,0,T17,N9,START_SERVICE,,,,,,,
5555.243853151822,0,T11,N15,END_REST,,,,,,,60.0
5555.243853151822,0,T11,N15,DEPART_NODE,,,,,,,
5557.2229562433195,0,T12,N6,ARRIVAL_NODE,,,,,413.44185921549706,,
5557.2229562433195,0,T12,N6,START_SERVICE,,,,,,,
5592.683959596781,0,T20,N11,END_SERVICE,,,,,,248.5389000541119,
5592.683959596781,0,T20,N11,DEPART_NODE,,,,,,,
5592.683959596781,0,T1,N11,START_SERVICE,,,,,,,
5592.683959596781,0,T20,N11,START_REST,,,,,,,
5592.966791607687,0,T8,N6,ARRIVAL_NODE,,,,,673.0751080504297,,
5592.966791607687,0,T8,N6,START_SERVICE,,,,,,,
5593.025878943854,0,T7,N9,ARRIVAL_NODE,,,,,103.01695805310716,,
5611.502980376493,0,T9,N2,ARRIVAL_NODE,,,,,321.16483777888374,,
5611.502980376493,0,T9,N2,START_SERVICE,,,,,,,
5618.954120799165,0,T17,N9,END_SERVICE,,,,,,71.62945174883703,
5618.954120799165,0,T17,N9,DEPART_NODE,,,,,,,
5618.954120799165,0,T7,N9,START_SERVICE,,,,,,,
5618.954120799165,0,T17,N9,START_REST,,,,,,,
5652.683959596781,0,T20,N11,END_REST,,,,,,,60.0
5652.683959596781,0,T20,N11,DEPART_NODE,,,,,,,
5678.954120799165,0,T17,N9,END_REST,,,,,,,60.0
5678.954120799165,0,T17,N9,DEPART_NODE,,,,,,,
5713.30609590785,0,T5,N6,ARRIVAL_NODE,,,,,702.3761800159397,,
5728.495302194964,0,T9,N2,END_SERVICE,,,,,,116.99232181847151,
5728.495302194964,0,T9,N2,DEPART_NODE,,,,,,,
5728.495302194964,0,T9,N2,START_REST,,,,,,,
5728.794845604077,0,T8,N6,END_SERVICE,,,,,,135.8280539963899,
5728.794845604077,0,T8,N6,DEPART_NODE,,,,,,,
5728.794845604077,0,T5,N6,START_SERVICE,,,,,,,
5728.794845604077,0,T8,N6,START_REST,,,,,,,
5734.449646734151,0,T15,N6,ARRIVAL_NODE,,,,,862.3624630787616,,
5767.485700410324,0,T12,N6,END_SERVICE,,,,,,210.2627441670051,
5767.485700410324,0,T12,N6,DEPART_NODE,,,,,,,
5767.485700410324,0,T15,N6,START_SERVICE,,,,,,,
5767.485700410324,0,T12,N6,START_REST,,,,,,,
5778.041960842084,0,T3,N9,ARRIVAL_NODE,,,,,510.70621819921513,,
5785.658213258846,0,T13,N8,ARRIVAL_NODE,,,,,783.3837498852997,,
5785.658213258846,0,T13,N8,START_SERVICE,,,,,,,
5788.495302194964,0,T9,N2,END_REST,,,,,,,60.0
5788.495302194964,0,T9,N2,DEPART_NODE,,,,,,,
5788.794845604077,0,T8,N6,END_REST,,,,,,,60.0
5788.794845604077,0,T8,N6,DEPART_NODE,,,,,,,
5796.330165584983,0,T5,N6,END_SERVICE,,,,,,67.53531998090595,
5796.330165584983,0,T5,N6,DEPART_NODE,,,,,,,
5796.330165584983,0,T5,N6,START_REST,,,,,,,
5819.143777406384,0,T14,N2,ARRIVAL_NODE,,,,,414.99871786371466,,
5819.143777406384,0,T14,N2,START_SERVICE,,,,,,,
5827.485700410324,0,T12,N6,END_REST,,,,,,,60.0
5827.485700410324,0,T12,N6,DEPART_NODE,,,,,,,
5835.908689422122,0,T7,N9,END_SERVICE,,,,,,216.9545686229563,
5835.908689422122,0,T7,N9,DEPART_NODE,,,,,,,
5835.908689422122,0,T3,N9,START_SERVICE,,,,,,,
5840.692870059006,0,T1,N11,END_SERVICE,,,,,,248.0089104622246,
5840.692870059006,0,T1,N11,DEPART_NODE,,,,,,,
5840.692870059006,0,T1,N11,START_REST,,,,,,,
5856.330165584983,0,T5,N6,END_REST,,,,,,,60.0
5856.330165584983,0,T5,N6,DEPART_NODE,,,,,,,
5886.0786006058115,0,T19,N2,ARRIVAL_NODE,,,,,734.761984005356,,
5886.0786006058115,0,T19,N2,START_SERVICE,,,,,,,
5900.504161026834,0,T15,N6,END_SERVICE,,,,,,133.01846061650966,
5900.504161026834,0,T15,N6,ORDER_ASSIGNED,ORD36,N2,N10,Nearest Idle Truck,,,
5900.504161026834,0,T15,N6,DEPART_NODE,,,,,,,
5900.504161026834,0,T15,N6,START_REST,,,,,,,
5900.692870059006,0,T1,N11,END_REST,,,,,,,60.0
5900.692870059006,0,T1,N11,DEPART_NODE,,,,,,,
5902.310917119648,0,T10,N7,ARRIVAL_NODE,,,,,1010.1174398860226,,
5902.310917119648,0,T10,N7,START_SERVICE,,,,,,,
5903.694488820666,0,T3,N9,END_SERVICE,,,,,,67.7857993985447,
5903.694488820666,0,T3,N9,DEPART_NODE,,,,,,,
5903.694488820666,0,T3,N9,START_REST,,,,,,,
5923.642960886761,0,T14,N2,END_SERVICE,,,,,,104.49918348037669,
5923.642960886761,0,T14,N2,DEPART_NODE,,,,,,,
5923.642960886761,0,T14,N2,START_REST,,,,,,,
5925.047554291931,0,T6,N2,ARRIVAL_NODE,,,,,503.98323935482824,,
5925.047554291931,0,T6,N2,START_SERVICE,,,,,,,
5934.419182771417,0,T18,N9,ARRIVAL_NODE,,,,,422.51669247084726,,
5934.419182771417,0,T18,N9,START_SERVICE,,,,,,,
5941.629166171815,0,T4,N6,ARRIVAL_NODE,,,,,619.9454906858798,,
5941.629166171815,0,T4,N6,START_SERVICE,,,,,,,
5960.504161026834,0,T15,N6,END_REST,,,,,,,60.0
5960.504161026834,0,T15,N6,DEPART_NODE,,,,,,,
5963.694488820666,0,T3,N9,END_REST,,,,,,,60.0
5963.694488820666,0,T3,N9,DEPART_NODE,,,,,,,
5964.15840271838,0,T20,N2,ARRIVAL_NODE,,,,,311.47444312159854,,
5979.737165496968,0,T10,N7,END_SERVICE,,,,,,77.42624837731962,
5979.737165496968,0,T10,N7,DEPART_NODE,,,,,,,
5979.737165496968,0,T10,N7,START_REST,,,,,,,
5983.642960886761,0,T14,N2,END_REST,,,,,,,60.0
5983.642960886761,0,T14,N2,DEPART_NODE,,,,,,,
5997.9621780588595,0,T13,N8,END_SERVICE,,,,,,212.30396480001346,
5997.9621780588595,0,T13,N8,ORDER_ASSIGNED,ORD27,N1,N3,Nearest Idle Truck,,,
5997.9621780588595,0,T13,N8,DEPART_NODE,,,,,,,
5997.9621780588595,0,T13,N8,START_REST,,,,,,,
6011.689401181419,0,T2,N13,ARRIVAL_NODE,,,,,558.0160005149165,,
6011.689401181419,0,T2,N13,START_SERVICE,,,,,,,
6039.737165496968,0,T10,N7,END_REST,,,,,,,60.0
6039.737165496968,0,T10,N7,DEPART_NODE,,,,,,,
6057.9621780588595,0,T13,N8,END_REST,,,,,,,60.0
6057.9621780588595,0,T13,N8,DEPART_NODE,,,,,,,
6062.9842822894925,0,T6,N2,END_SERVICE,,,,,,137.93672799756123,
6062.9842822894925,0,T6,N2,DEPART_NODE,,,,,,,
6062.9842822894925,0,T20,N2,START_SERVICE,,,,,,,
6062.9842822894925,0,T6,N2,START_REST,,,,,,,
6065.8617064649015,0,T19,N2,END_SERVICE,,,,,,179.78310585909037,
6065.8617064649015,0,T19,N2,DEPART_NODE,,,,,,,
6065.8617064649015,0,T19,N2,START_REST,,,,,,,
6081.568318909825,0,T2,N13,END_SERVICE,,,,,,69.87891772840615,
6081.568318909825,0,T2,N13,DEPART_NODE,,,,,,,
6081.568318909825,0,T2,N13,START_REST,,,,,,,
6114.0754927517355,0,T3,N10,ARRIVAL_NODE,,,,,150.38100393106924,,
6114.0754927517355,0,T3,N10,START_SERVICE,,,,,,,
6122.9842822894925,0,T6,N2,END_REST,,,,,,,60.0
6122.9842822894925,0,T6,N2,DEPART_NODE,,,,,,,
6125.8617064649015,0,T19,N2,END_REST,,,,,,,60.0
6125.8617064649015,0,T19,N2,DEPART_NODE,,,,,,,
6141.568318909825,0,T2,N13,END_REST,,,,,,,60.0
6141.568318909825,0,T2,N13,DEPART_NODE,,,,,,,
6141.622154014928,0,T20,N2,END_SERVICE,,,,,,78.63787172543584,
6141.622154014928,0,T20,N2,DEPART_NODE,,,,,,,
6141.622154014928,0,T20,N2,START_REST,,,,,,,
6141.805678917639,0,T17,N2,ARRIVAL_NODE,,,,,462.85155811847426,,
6141.805678917639,0,T17,N2,START_SERVICE,,,,,,,
6154.434131113766,0,T1,N2,ARRIVAL_NODE,,,,,253.74126105475955,,
6154.434131113766,0,T1,N2,START_SERVICE,,,,,,,
6155.273202978119,0,T4,N6,END_SERVICE,,,,,,213.64403680630406,
6155.273202978119,0,T4,N6,DEPART_NODE,,,,,,,
6155.273202978119,0,T4,N6,START_REST,,,,,,,
6182.816756034458,0,T8,N15,ARRIVAL_NODE,,,,,394.02191043038107,,
6182.816756034458,0,T8,N15,START_SERVICE,,,,,,,
6193.955618018617,0,T7,N2,ARRIVAL_NODE,,,,,358.0469285964951,,
6201.622154014928,0,T20,N2,END_REST,,,,,,,60.0
6201.622154014928,0,T20,N2,DEPART_NODE,,,,,,,
6201.805678917639,0,T17,N2,END_SERVICE,,,,,,60.0,
6201.805678917639,0,T17,N2,DEPART_NODE,,,,,,,
6201.805678917639,0,T7,N2,START_SERVICE,,,,,,,
6201.805678917639,0,T17,N2,START_REST,,,,,,,
6212.037610946672,0,T12,N15,ARRIVAL_NODE,,,,,384.5519105363487,,
6212.037610946672,0,T12,N15,START_SERVICE,,,,,,,
6214.434131113766,0,T1,N2,END_SERVICE,,,,,,60.0,
6214.434131113766,0,T1,N2,DEPART_NODE,,,,,,,
6215.273202978119,0,T4,N6,END_REST,,,,,,,60.0
6215.273202978119,0,T4,N6,DEPART_NODE,,,,,,,
6234.419182771417,0,T18,N9,END_SERVICE,,,,,,300.0,
6234.419182771417,0,T18,N9,DEPART_NODE,,,,,,,
6234.419182771417,0,T18,N9,START_REST,,,,,,,
6261.805678917639,0,T17,N2,END_REST,,,,,,,60.0
6261.805678917639,0,T17,N2,DEPART_NODE,,,,,,,
6278.240213485118,0,T11,N7,ARRIVAL_NODE,,,,,722.996360333296,,
6278.240213485118,0,T11,N7,START_SERVICE,,,,,,,
6279.851672507119,0,T8,N15,END_SERVICE,,,,,,97.03491647266037,
6294.419182771417,0,T18,N9,END_REST,,,,,,,60.0
6294.419182771417,0,T18,N9,DEPART_NODE,,,,,,,
6297.087878861505,0,T3,N10,END_SERVICE,,,,,,183.012386109769,
6297.087878861505,0,T3,N10,ORDER_ASSIGNED,ORD25,N6,N15,Nearest Idle Truck,,,
6297.087878861505,0,T3,N10,DEPART_NODE,,,,,,,
6320.899585639043,0,T7,N2,END_SERVICE,,,,,,119.0939067214044,
6320.899585639043,0,T7,N2,DEPART_NODE,,,,,,,
6320.899585639043,0,T7,N2,START_REST,,,,,,,
6343.115708741313,0,T12,N15,END_SERVICE,,,,,,131.0780977946408,
6343.115708741313,0,T12,N15,ORDER_ASSIGNED,ORD19,N8,N11,Nearest Idle Truck,,,
6343.115708741313,0,T12,N15,DEPART_NODE,,,,,,,
6343.115708741313,0,T12,N15,START_REST,,,,,,,
6353.444605251612,0,T5,N15,ARRIVAL_NODE,,,,,497.1144396666299,,
6353.444605251612,0,T5,N15,START_SERVICE,,,,,,,
6380.899585639043,0,T7,N2,END_REST,,,,,,,60.0
6380.899585639043,0,T7,N2,DEPART_NODE,,,,,,,
6403.115708741313,0,T12,N15,END_REST,,,,,,,60.0
6403.115708741313,0,T12,N15,DEPART_NODE,,,,,,,
6414.897614048741,0,T11,N7,END_SERVICE,,,,,,136.6574005636226,
6414.897614048741,0,T11,N7,DEPART_NODE,,,,,,,
6414.897614048741,0,T11,N7,START_REST,,,,,,,
6432.965059682745,0,T19,N9,ARRIVAL_NODE,,,,,307.1033532178435,,
6432.965059682745,0,T19,N9,START_SERVICE,,,,,,,
6439.805391445388,0,T1,N1,ARRIVAL_NODE,,,,,225.3712603316213,,
6439.805391445388,0,T1,N1,START_SERVICE,,,,,,,
6474.897614048741,0,T11,N7,END_REST,,,,,,,60.0
6474.897614048741,0,T11,N7,DEPART_NODE,,,,,,,
6477.774773296843,0,T3,N9,ARRIVAL_NODE,,,,,180.68689443533836,,
6486.4776030425855,0,T15,N2,ARRIVAL_NODE,,,,,525.973442015752,,
6486.4776030425855,0,T15,N2,START_SERVICE,,,,,,,
6492.965059682745,0,T19,N9,END_SERVICE,,,,,,60.0,
6492.965059682745,0,T19,N9,DEPART_NODE,,,,,,,
6492.965059682745,0,T3,N9,START_SERVICE,,,,,,,
6493.604115280492,0,T5,N15,END_SERVICE,,,,,,140.1595100288799,
6493.604115280492,0,T5,N15,DEPART_NODE,,,,,,,
6493.604115280492,0,T5,N15,START_REST,,,,,,,
6494.121788512159,0,T14,N6,ARRIVAL_NODE,,,,,510.4788276253976,,
6494.121788512159,0,T14,N6,START_SERVICE,,,,,,,
6499.805391445388,0,T1,N1,END_SERVICE,,,,,,60.0,
6538.873697512754,0,T6,N9,ARRIVAL_NODE,,,,,415.8894152232611,,
6553.604115280492,0,T5,N15,END_REST,,,,,,,60.0
6553.604115280492,0,T5,N15,DEPART_NODE,,,,,,,
6554.121788512159,0,T14,N6,END_SERVICE,,,,,,60.0,
6561.402273330281,0,T2,N9,ARRIVAL_NODE,,,,,419.8339544204559,,
6624.694755229544,0,T19,N10,ARRIVAL_NODE,,,,,131.72969554679923,,
6624.694755229544,0,T19,N10,START_SERVICE,,,,,,,
6636.359970421512,0,T3,N9,END_SERVICE,,,,,,143.39491073876673,
6636.359970421512,0,T3,N9,DEPART_NODE,,,,,,,
6636.359970421512,0,T6,N9,START_SERVICE,,,,,,,
6636.359970421512,0,T3,N9,START_REST,,,,,,,
6696.359970421512,0,T3,N9,END_REST,,,,,,,60.0
6696.359970421512,0,T3,N9,DEPART_NODE,,,,,,,
6727.475014433112,0,T15,N2,END_SERVICE,,,,,,240.99741139052622,
6727.475014433112,0,T15,N2,DEPART_NODE,,,,,,,
6727.475014433112,0,T15,N2,START_REST,,,,,,,
6748.208009572586,0,T4,N15,ARRIVAL_NODE,,,,,532.9348065944666,,
6748.208009572586,0,T4,N15,START_SERVICE,,,,,,,
6783.6577766018,0,T20,N6,ARRIVAL_NODE,,,,,582.0356225868723,,
6783.6577766018,0,T20,N6,START_SERVICE,,,,,,,
6787.475014433112,0,T15,N2,END_REST,,,,,,,60.0
6787.475014433112,0,T15,N2,DEPART_NODE,,,,,,,
6796.760936660709,0,T6,N9,END_SERVICE,,,,,,160.400966239197,
6796.760936660709,0,T6,N9,DEPART_NODE,,,,,,,
6796.760936660709,0,T2,N9,START_SERVICE,,,,,,,
6796.760936660709,0,T6,N9,START_REST,,,,,,,
6812.0204160974945,0,T19,N10,END_SERVICE,,,,,,187.32566086795066,
6812.0204160974945,0,T19,N10,DEPART_NODE,,,,,,,
6812.0204160974945,0,T19,N10,START_REST,,,,,,,
6818.225949304862,0,T18,N2,ARRIVAL_NODE,,,,,523.8067665334456,,
6818.225949304862,0,T18,N2,START_SERVICE,,,,,,,
6845.803930749267,0,T9,N8,ARRIVAL_NODE,,,,,1057.3086285543036,,
6845.803930749267,0,T9,N8,START_SERVICE,,,,,,,
6856.760936660709,0,T6,N9,END_REST,,,,,,,60.0
6856.760936660709,0,T6,N9,DEPART_NODE,,,,,,,
6858.420613781238,0,T10,N6,ARRIVAL_NODE,,,,,818.6834482842697,,
6858.420613781238,0,T10,N6,START_SERVICE,,,,,,,
6864.177563028795,0,T4,N15,END_SERVICE,,,,,,115.96955345620906,
6864.177563028795,0,T4,N15,DEPART_NODE,,,,,,,
6864.177563028795,0,T4,N15,START_REST,,,,,,,
6872.0204160974945,0,T19,N10,END_REST,,,,,,,60.0
6872.0204160974945,0,T19,N10,DEPART_NODE,,,,,,,
6878.225949304862,0,T18,N2,END_SERVICE,,,,,,60.0,
6878.225949304862,0,T18,N2,DEPART_NODE,,,,,,,
6878.225949304862,0,T18,N2,START_REST,,,,,,,
6884.352625070075,0,T17,N6,ARRIVAL_NODE,,,,,622.5469461524359,,
6920.914958800682,0,T2,N9,END_SERVICE,,,,,,124.15402213997244,
6920.914958800682,0,T2,N9,DEPART_NODE,,,,,,,
6920.914958800682,0,T2,N9,START_REST,,,,,,,
6922.1416177688725,0,T9,N8,END_SERVICE,,,,,,76.33768701960523,
6924.177563028795,0,T4,N15,END_REST,,,,,,,60.0
6924.177563028795,0,T4,N15,DEPART_NODE,,,,,,,
6938.225949304862,0,T18,N2,END_REST,,,,,,,60.0
6938.225949304862,0,T18,N2,DEPART_NODE,,,,,,,
6948.36705437238,0,T20,N6,END_SERVICE,,,,,,164.70927777058003,
6948.36705437238,0,T20,N6,DEPART_NODE,,,,,,,
6948.36705437238,0,T17,N6,START_SERVICE,,,,,,,
6948.36705437238,0,T20,N6,START_REST,,,,,,,
6980.914958800682,0,T2,N9,END_REST,,,,,,,60.0
6980.914958800682,0,T2,N9,DEPART_NODE,,,,,,,
7008.36705437238,0,T20,N6,END_REST,,,,,,,60.0
7008.36705437238,0,T20,N6,DEPART_NODE,,,,,,,
7010.332612206655,0,T19,N3,ARRIVAL_NODE,,,,,138.31219610916045,,
7010.332612206655,0,T19,N3,START_SERVICE,,,,,,,
7019.545628233903,0,T5,N6,ARRIVAL_NODE,,,,,465.94151295341067,,
7070.969708477568,0,T19,N3,END_SERVICE,,,,,,60.63709627091325,
7098.157621274201,0,T15,N9,ARRIVAL_NODE,,,,,310.68260684108884,,
7098.157621274201,0,T15,N9,START_SERVICE,,,,,,,
7100.226287432245,0,T17,N6,END_SERVICE,,,,,,151.8592330598651,
7100.226287432245,0,T17,N6,DEPART_NODE,,,,,,,
7100.226287432245,0,T5,N6,START_SERVICE,,,,,,,
7100.226287432245,0,T17,N6,START_REST,,,,,,,
7155.875307905879,0,T13,N2,ARRIVAL_NODE,,,,,1097.913129847019,,
7155.875307905879,0,T13,N2,START_SERVICE,,,,,,,
7158.420613781238,0,T10,N6,END_SERVICE,,,,,,300.0,
7158.420613781238,0,T10,N6,DEPART_NODE,,,,,,,
7158.420613781238,0,T10,N6,START_REST,,,,,,,
7160.226287432245,0,T17,N6,END_REST,,,,,,,60.0
7160.226287432245,0,T17,N6,DEPART_NODE,,,,,,,
7177.748643954984,0,T15,N9,END_SERVICE,,,,,,79.59102268078263,
7177.748643954984,0,T15,N9,DEPART_NODE,,,,,,,
7217.774086370385,0,T5,N6,END_SERVICE,,,,,,117.54779893813969,
7217.774086370385,0,T5,N6,DEPART_NODE,,,,,,,
7217.774086370385,0,T5,N6,START_REST,,,,,,,
7218.420613781238,0,T10,N6,END_REST,,,,,,,60.0
7218.420613781238,0,T10,N6,DEPART_NODE,,,,,,,
7262.199011657736,0,T3,N2,ARRIVAL_NODE,,,,,565.8390412362243,,
7262.199011657736,0,T3,N2,START_SERVICE,,,,,,,
7274.908465609561,0,T15,N10,ARRIVAL_NODE,,,,,97.15982165457758,,
7274.908465609561,0,T15,N10,START_SERVICE,,,,,,,
7277.774086370385,0,T5,N6,END_REST,,,,,,,60.0
7277.774086370385,0,T5,N6,DEPART_NODE,,,,,,,
7309.350248441883,0,T13,N2,END_SERVICE,,,,,,153.4749405360046,
7309.350248441883,0,T13,N2,DEPART_NODE,,,,,,,
7309.350248441883,0,T13,N2,START_REST,,,,,,,
7322.389079674946,0,T12,N6,ARRIVAL_NODE,,,,,919.2733709336329,,
7322.389079674946,0,T12,N6,START_SERVICE,,,,,,,
7331.655326590723,0,T17,N4,ARRIVAL_NODE,,,,,171.4290391584786,,
7331.655326590723,0,T17,N4,START_SERVICE,,,,,,,
7334.908465609561,0,T15,N10,END_SERVICE,,,,,,60.0,
7349.1226563231485,0,T3,N2,END_SERVICE,,,,,,86.92364466541258,
7349.1226563231485,0,T3,N2,DEPART_NODE,,,,,,,
7349.1226563231485,0,T3,N2,START_REST,,,,,,,
7355.256824875033,0,T7,N8,ARRIVAL_NODE,,,,,974.3572392359902,,
7355.256824875033,0,T7,N8,START_SERVICE,,,,,,,
7369.350248441883,0,T13,N2,END_REST,,,,,,,60.0
7369.350248441883,0,T13,N2,DEPART_NODE,,,,,,,
7383.249256817151,0,T11,N6,ARRIVAL_NODE,,,,,908.3516427684101,,
7383.249256817151,0,T11,N6,START_SERVICE,,,,,,,
7409.1226563231485,0,T3,N2,END_REST,,,,,,,60.0
7409.1226563231485,0,T3,N2,DEPART_NODE,,,,,,,
7445.323179725052,0,T4,N6,ARRIVAL_NODE,,,,,521.1456166962571,,
7447.620863177905,0,T2,N2,ARRIVAL_NODE,,,,,466.7059043772231,,
7447.620863177905,0,T2,N2,START_SERVICE,,,,,,,
7451.4424752956575,0,T6,N13,ARRIVAL_NODE,,,,,594.6815386349484,,
7451.4424752956575,0,T6,N13,START_SERVICE,,,,,,,
7476.842695220981,0,T17,N4,END_SERVICE,,,,,,145.18736863025794,
7477.0918623306725,0,T20,N15,ARRIVAL_NODE,,,,,468.7248079582924,,
7477.0918623306725,0,T20,N15,START_SERVICE,,,,,,,
7486.737235997364,0,T18,N6,ARRIVAL_NODE,,,,,548.5112866925017,,
7510.828838069855,0,T11,N6,END_SERVICE,,,,,,127.579581252704,
7510.828838069855,0,T11,N6,DEPART_NODE,,,,,,,
7510.828838069855,0,T4,N6,START_SERVICE,,,,,,,
7510.828838069855,0,T11,N6,START_REST,,,,,,,
7551.138839847522,0,T12,N6,END_SERVICE,,,,,,228.74976017257646,
7551.138839847522,0,T12,N6,DEPART_NODE,,,,,,,
7551.138839847522,0,T18,N6,START_SERVICE,,,,,,,
7551.138839847522,0,T12,N6,START_REST,,,,,,,
7570.828838069855,0,T11,N6,END_REST,,,,,,,60.0
7570.828838069855,0,T11,N6,DEPART_NODE,,,,,,,
7595.401412594325,0,T7,N8,END_SERVICE,,,,,,240.1445877192916,
7611.138839847522,0,T12,N6,END_REST,,,,,,,60.0
7611.138839847522,0,T12,N6,DEPART_NODE,,,,,,,
7615.493861725695,0,T2,N2,END_SERVICE,,,,,,167.87299854778917,
7615.493861725695,0,T2,N2,DEPART_NODE,,,,,,,
7615.493861725695,0,T2,N2,START_REST,,,,,,,
7639.868095580454,0,T6,N13,END_SERVICE,,,,,,188.42562028479622,
7660.587488710431,0,T4,N6,END_SERVICE,,,,,,149.7586506405759,
7660.587488710431,0,T4,N6,DEPART_NODE,,,,,,,
7660.587488710431,0,T4,N6,START_REST,,,,,,,
7675.291153586639,0,T13,N1,ARRIVAL_NODE,,,,,305.94090514475596,,
7675.291153586639,0,T13,N1,START_SERVICE,,,,,,,
7675.493861725695,0,T2,N2,END_REST,,,,,,,60.0
7675.493861725695,0,T2,N2,DEPART_NODE,,,,,,,
7715.287197427907,0,T18,N6,END_SERVICE,,,,,,164.148357580385,
7715.287197427907,0,T18,N6,DEPART_NODE,,,,,,,
7715.287197427907,0,T18,N6,START_REST,,,,,,,
7720.587488710431,0,T4,N6,END_REST,,,,,,,60.0
7720.587488710431,0,T4,N6,DEPART_NODE,,,,,,,
7727.443486695976,0,T20,N15,END_SERVICE,,,,,,250.35162436530408,
7775.287197427907,0,T18,N6,END_REST,,,,,,,60.0
7775.287197427907,0,T18,N6,DEPART_NODE,,,,,,,
7811.523427031881,0,T13,N1,END_SERVICE,,,,,,136.23227344524156,
7811.523427031881,0,T13,N1,DEPART_NODE,,,,,,,
7811.523427031881,0,T13,N1,START_REST,,,,,,,
7871.523427031881,0,T13,N1,END_REST,,,,,,,60.0
7871.523427031881,0,T13,N1,DEPART_NODE,,,,,,,
7879.408106829696,0,T3,N6,ARRIVAL_NODE,,,,,470.2854505065483,,
7879.408106829696,0,T3,N6,START_SERVICE,,,,,,,
7911.777628200134,0,T5,N2,ARRIVAL_NODE,,,,,634.0035418297489,,
7911.777628200134,0,T5,N2,START_SERVICE,,,,,,,
7977.787723700054,0,T10,N2,ARRIVAL_NODE,,,,,759.3671099188163,,
7977.787723700054,0,T10,N2,START_SERVICE,,,,,,,
7995.28551310703,0,T3,N6,END_SERVICE,,,,,,115.87740627733409,
7995.28551310703,0,T3,N6,DEPART_NODE,,,,,,,
7995.28551310703,0,T3,N6,START_REST,,,,,,,
8015.1005686615945,0,T11,N2,ARRIVAL_NODE,,,,,444.27173059173987,,
8018.897384442336,0,T12,N2,ARRIVAL_NODE,,,,,407.75854459481457,,
8055.28551310703,0,T3,N6,END_REST,,,,,,,60.0
8055.28551310703,0,T3,N6,DEPART_NODE,,,,,,,
8077.081765500017,0,T10,N2,END_SERVICE,,,,,,99.29404179996385,
8077.081765500017,0,T10,N2,DEPART_NODE,,,,,,,
8077.081765500017,0,T11,N2,START_SERVICE,,,,,,,
8077.081765500017,0,T10,N2,START_REST,,,,,,,
8081.633434580041,0,T2,N6,ARRIVAL_NODE,,,,,406.1395728543456,,
8081.633434580041,0,T2,N6,START_SERVICE,,,,,,,
8086.865561727942,0,T18,N5,ARRIVAL_NODE,,,,,311.5783643000354,,
8086.865561727942,0,T18,N5,START_SERVICE,,,,,,,
8137.081765500017,0,T10,N2,END_REST,,,,,,,60.0
8137.081765500017,0,T10,N2,DEPART_NODE,,,,,,,
8137.913764462545,0,T5,N2,END_SERVICE,,,,,,226.13613626241133,
8137.913764462545,0,T5,N2,DEPART_NODE,,,,,,,
8137.913764462545,0,T12,N2,START_SERVICE,,,,,,,
8137.913764462545,0,T5,N2,START_REST,,,,,,,
8169.882409939142,0,T2,N6,END_SERVICE,,,,,,88.24897535910175,
8169.882409939142,0,T2,N6,DEPART_NODE,,,,,,,
8169.882409939142,0,T2,N6,START_REST,,,,,,,
8197.913764462544,0,T5,N2,END_REST,,,,,,,60.0
8197.913764462544,0,T5,N2,DEPART_NODE,,,,,,,
8229.882409939142,0,T2,N6,END_REST,,,,,,,60.0
8229.882409939142,0,T2,N6,DEPART_NODE,,,,,,,
8258.306478512246,0,T11,N2,END_SERVICE,,,,,,181.22471301222822,
8258.306478512246,0,T11,N2,DEPART_NODE,,,,,,,
8258.306478512246,0,T11,N2,START_REST,,,,,,,
8300.71744048753,0,T13,N3,ARRIVAL_NODE,,,,,429.19401345564955,,
8300.71744048753,0,T13,N3,START_SERVICE,,,,,,,
8305.182604637957,0,T4,N2,ARRIVAL_NODE,,,,,584.5951159275272,,
8305.182604637957,0,T4,N2,START_SERVICE,,,,,,,
8318.306478512246,0,T11,N2,END_REST,,,,,,,60.0
8318.306478512246,0,T11,N2,DEPART_NODE,,,,,,,
8331.199974488163,0,T18,N5,END_SERVICE,,,,,,244.33441276022214,
8364.171040353429,0,T12,N2,END_SERVICE,,,,,,226.25727589088356,
8364.171040353429,0,T12,N2,DEPART_NODE,,,,,,,
8364.171040353429,0,T12,N2,START_REST,,,,,,,
8374.460144356108,0,T13,N3,END_SERVICE,,,,,,73.74270386857752,
8424.171040353429,0,T12,N2,END_REST,,,,,,,60.0
8424.171040353429,0,T12,N2,DEPART_NODE,,,,,,,
8430.259524203137,0,T4,N2,END_SERVICE,,,,,,125.07691956517856,
8430.259524203137,0,T4,N2,DEPART_NODE,,,,,,,
8430.259524203137,0,T4,N2,START_REST,,,,,,,
8444.509610791265,0,T3,N15,ARRIVAL_NODE,,,,,389.22409768423427,,
8444.509610791265,0,T3,N15,START_SERVICE,,,,,,,
8490.259524203137,0,T4,N2,END_REST,,,,,,,60.0
8490.259524203137,0,T4,N2,DEPART_NODE,,,,,,,
8490.691400215097,0,T10,N9,ARRIVAL_NODE,,,,,353.6096347150797,,
8490.691400215097,0,T10,N9,START_SERVICE,,,,,,,
8605.792484779266,0,T3,N15,END_SERVICE,,,,,,161.28287398800012,
8645.139811777724,0,T5,N11,ARRIVAL_NODE,,,,,447.2260473151809,,
8645.139811777724,0,T5,N11,START_SERVICE,,,,,,,
8709.671695200013,0,T10,N9,END_SERVICE,,,,,,218.9802949849158,
8710.294320960933,0,T5,N11,END_SERVICE,,,,,,65.1545091832083,
8718.119129474253,0,T11,N11,ARRIVAL_NODE,,,,,399.8126509620075,,
8718.119129474253,0,T11,N11,START_SERVICE,,,,,,,
8801.649295080595,0,T4,N9,ARRIVAL_NODE,,,,,311.38977087745815,,
8801.649295080595,0,T4,N9,START_SERVICE,,,,,,,
8842.564276701043,0,T11,N11,END_SERVICE,,,,,,124.44514722679007,
8848.438028223778,0,T2,N15,ARRIVAL_NODE,,,,,618.5556182846364,,
8848.438028223778,0,T2,N15,START_SERVICE,,,,,,,
8930.157414134408,0,T4,N9,END_SERVICE,,,,,,128.5081190538128,
8930.157414134408,0,T4,N9,DEPART_NODE,,,,,,,
8930.157414134408,0,T4,N9,START_REST,,,,,,,
8990.157414134408,0,T4,N9,END_REST,,,,,,,60.0
8990.157414134408,0,T4,N9,DEPART_NODE,,,,,,,
9028.384424183163,0,T12,N8,ARRIVAL_NODE,,,,,604.2133838297334,,
9028.384424183163,0,T12,N8,START_SERVICE,,,,,,,
9109.009620429952,0,T2,N15,END_SERVICE,,,,,,260.571592206174,
9140.140819391505,0,T4,N10,ARRIVAL_NODE,,,,,149.9834052570976,,
9140.140819391505,0,T4,N10,START_SERVICE,,,,,,,
9187.096142190117,0,T12,N8,END_SERVICE,,,,,,158.71171800695444,
9187.096142190117,0,T12,N8,DEPART_NODE,,,,,,,
9187.096142190117,0,T12,N8,START_REST,,,,,,,
9211.157295198473,0,T4,N10,END_SERVICE,,,,,,71.01647580696712,
9247.096142190117,0,T12,N8,END_REST,,,,,,,60.0
9247.096142190117,0,T12,N8,DEPART_NODE,,,,,,,
9822.968891892946,0,T12,N11,ARRIVAL_NODE,,,,,575.8727497028292,,
9822.968891892946,0,T12,N11,START_SERVICE,,,,,,,
9991.130102122968,0,T12,N11,END_SERVICE,,,,,,168.16121023002302,
